upvoted,downvoted,2
upvoted,upvoted,10
upvoted,upvoted,267
upvoted,downvoted,3
upvoted,upvoted,58
upvoted,upvoted,59
upvoted,downvoted,-17
upvoted,upvoted,10
downvoted,upvoted,9
upvoted,upvoted,19
upvoted,upvoted,18
upvoted,downvoted,2
upvoted,upvoted,116
upvoted,downvoted,2
upvoted,upvoted,86
upvoted,downvoted,1
upvoted,downvoted,6
upvoted,downvoted,1
upvoted,downvoted,1
upvoted,downvoted,-34
upvoted,downvoted,0
upvoted,downvoted,2
upvoted,upvoted,77
upvoted,upvoted,115
upvoted,upvoted,81
upvoted,upvoted,23
downvoted,downvoted,1
upvoted,downvoted,1
upvoted,downvoted,3
upvoted,upvoted,10
upvoted,upvoted,12
upvoted,upvoted,317
upvoted,downvoted,1
upvoted,upvoted,42
upvoted,upvoted,38
upvoted,downvoted,1
upvoted,upvoted,15
downvoted,downvoted,6
upvoted,upvoted,10
upvoted,downvoted,1
upvoted,upvoted,2535
upvoted,downvoted,5
upvoted,downvoted,4
upvoted,upvoted,8
downvoted,upvoted,168
upvoted,downvoted,2
upvoted,upvoted,101
upvoted,downvoted,1
upvoted,upvoted,307
upvoted,upvoted,17
upvoted,downvoted,5
downvoted,upvoted,11
downvoted,downvoted,2
upvoted,upvoted,16
upvoted,downvoted,2
upvoted,upvoted,462
upvoted,upvoted,11
upvoted,downvoted,2
upvoted,upvoted,23
upvoted,downvoted,2
upvoted,downvoted,1
upvoted,downvoted,1
upvoted,downvoted,1
upvoted,upvoted,13
upvoted,downvoted,1
upvoted,downvoted,3
upvoted,downvoted,3
upvoted,upvoted,14
upvoted,upvoted,1651
upvoted,downvoted,1
upvoted,downvoted,1
upvoted,upvoted,109
upvoted,downvoted,1
downvoted,downvoted,1
upvoted,downvoted,2
downvoted,downvoted,3
upvoted,upvoted,15
upvoted,downvoted,1
upvoted,downvoted,1
upvoted,downvoted,1
upvoted,upvoted,240
upvoted,downvoted,5
upvoted,downvoted,0
upvoted,upvoted,51
upvoted,downvoted,2
upvoted,upvoted,6
upvoted,downvoted,5
upvoted,upvoted,12
upvoted,upvoted,2265
downvoted,downvoted,3
upvoted,downvoted,1
upvoted,downvoted,3
upvoted,downvoted,1
upvoted,upvoted,40
upvoted,upvoted,42
upvoted,downvoted,3
upvoted,upvoted,41
upvoted,downvoted,2
upvoted,upvoted,247
upvoted,downvoted,1
upvoted,upvoted,18
upvoted,upvoted,942
upvoted,downvoted,3
upvoted,upvoted,18
upvoted,downvoted,2
upvoted,upvoted,15
upvoted,upvoted,24
upvoted,upvoted,187
upvoted,upvoted,20
upvoted,upvoted,19
upvoted,downvoted,3
upvoted,downvoted,1
upvoted,upvoted,246
upvoted,upvoted,52
upvoted,downvoted,2
upvoted,upvoted,10
upvoted,downvoted,-1
upvoted,downvoted,2
upvoted,downvoted,1
upvoted,upvoted,8
upvoted,upvoted,7
upvoted,upvoted,28
upvoted,upvoted,14
upvoted,downvoted,1
upvoted,upvoted,61
upvoted,upvoted,15
upvoted,upvoted,31
upvoted,downvoted,1
upvoted,upvoted,342
upvoted,downvoted,4
upvoted,downvoted,1
upvoted,upvoted,475
upvoted,upvoted,147
upvoted,upvoted,20
upvoted,downvoted,4
upvoted,downvoted,4
upvoted,upvoted,314
upvoted,downvoted,1
upvoted,downvoted,1
upvoted,upvoted,48
upvoted,downvoted,2
upvoted,upvoted,31
upvoted,upvoted,16
upvoted,upvoted,7
upvoted,upvoted,6
upvoted,downvoted,3
upvoted,upvoted,273
upvoted,downvoted,1
upvoted,upvoted,9
upvoted,downvoted,1
upvoted,downvoted,1
upvoted,upvoted,15
upvoted,upvoted,8
upvoted,downvoted,3
upvoted,upvoted,12
upvoted,downvoted,1
upvoted,upvoted,15
upvoted,downvoted,1
upvoted,downvoted,0
upvoted,downvoted,2
upvoted,upvoted,120
upvoted,upvoted,8
upvoted,downvoted,6
upvoted,upvoted,20
upvoted,upvoted,8
upvoted,downvoted,2
upvoted,downvoted,3
upvoted,downvoted,2
upvoted,upvoted,11
upvoted,upvoted,35
downvoted,downvoted,2
upvoted,upvoted,226
upvoted,downvoted,5
upvoted,upvoted,32
upvoted,upvoted,68
downvoted,downvoted,2
upvoted,upvoted,80
upvoted,upvoted,8
upvoted,downvoted,3
upvoted,downvoted,2
upvoted,downvoted,4
upvoted,downvoted,-2
upvoted,upvoted,514
upvoted,upvoted,48
upvoted,upvoted,42
upvoted,upvoted,7
upvoted,downvoted,1
upvoted,downvoted,1
upvoted,upvoted,9
upvoted,upvoted,57
upvoted,upvoted,15
upvoted,downvoted,1
upvoted,upvoted,9
upvoted,upvoted,959
upvoted,upvoted,22
upvoted,downvoted,3
upvoted,upvoted,7
downvoted,downvoted,1
upvoted,downvoted,4
upvoted,downvoted,5
upvoted,upvoted,7
upvoted,downvoted,1
upvoted,upvoted,14
upvoted,upvoted,28
upvoted,upvoted,69
upvoted,downvoted,1
upvoted,upvoted,18
upvoted,upvoted,13
upvoted,upvoted,6
downvoted,downvoted,5
upvoted,downvoted,2
upvoted,downvoted,3
upvoted,downvoted,1
upvoted,downvoted,1
upvoted,upvoted,50
upvoted,downvoted,3
upvoted,upvoted,12
upvoted,downvoted,1
upvoted,upvoted,602
upvoted,upvoted,45
upvoted,upvoted,11
upvoted,downvoted,1
upvoted,upvoted,355
upvoted,downvoted,3
upvoted,downvoted,-2
upvoted,upvoted,135
upvoted,downvoted,2
upvoted,downvoted,3
downvoted,downvoted,2
upvoted,upvoted,39
upvoted,upvoted,18
upvoted,downvoted,2
upvoted,upvoted,4844
downvoted,downvoted,1
upvoted,downvoted,2
upvoted,downvoted,2
downvoted,downvoted,2
upvoted,upvoted,18
upvoted,upvoted,9
upvoted,downvoted,5
upvoted,upvoted,254
upvoted,upvoted,84
downvoted,downvoted,3
upvoted,downvoted,1
upvoted,downvoted,3
upvoted,upvoted,1378
upvoted,downvoted,2
upvoted,upvoted,58
upvoted,downvoted,2
upvoted,downvoted,2
upvoted,upvoted,14
upvoted,downvoted,5
upvoted,upvoted,23
upvoted,upvoted,4337
upvoted,downvoted,3
upvoted,upvoted,120
upvoted,downvoted,2
upvoted,downvoted,2
upvoted,downvoted,1
upvoted,upvoted,109
upvoted,upvoted,165
upvoted,downvoted,1
upvoted,upvoted,8
upvoted,upvoted,75
upvoted,upvoted,7
upvoted,upvoted,38
upvoted,upvoted,6
upvoted,upvoted,26
upvoted,downvoted,5
upvoted,downvoted,1
upvoted,upvoted,86
upvoted,upvoted,27
upvoted,upvoted,14
upvoted,upvoted,11
upvoted,upvoted,64
upvoted,downvoted,1
upvoted,downvoted,2
upvoted,upvoted,14
upvoted,downvoted,1
upvoted,upvoted,12
upvoted,downvoted,4
upvoted,downvoted,3
downvoted,downvoted,2
upvoted,upvoted,16
upvoted,upvoted,29
upvoted,downvoted,3
upvoted,upvoted,30
upvoted,downvoted,1
upvoted,upvoted,19
upvoted,downvoted,1
upvoted,downvoted,2
upvoted,upvoted,43
upvoted,downvoted,2
upvoted,upvoted,12
upvoted,downvoted,4
upvoted,downvoted,6
upvoted,downvoted,6
upvoted,downvoted,1
upvoted,upvoted,7
upvoted,downvoted,4
upvoted,upvoted,6
upvoted,downvoted,6
upvoted,downvoted,4
upvoted,downvoted,3
upvoted,downvoted,1
upvoted,upvoted,7
upvoted,upvoted,409
upvoted,downvoted,2
upvoted,downvoted,5
upvoted,upvoted,44
upvoted,downvoted,5
upvoted,downvoted,0
upvoted,upvoted,2577
upvoted,upvoted,6
upvoted,upvoted,53
upvoted,upvoted,121
upvoted,upvoted,136
upvoted,downvoted,1
upvoted,upvoted,67
upvoted,upvoted,29
downvoted,downvoted,3
upvoted,upvoted,20
upvoted,downvoted,3
upvoted,upvoted,32
upvoted,upvoted,19
upvoted,upvoted,54
upvoted,upvoted,19
upvoted,downvoted,3
upvoted,downvoted,1
upvoted,downvoted,2
upvoted,upvoted,63
upvoted,upvoted,10
upvoted,downvoted,1
upvoted,downvoted,2
upvoted,upvoted,6
upvoted,downvoted,6
upvoted,upvoted,73
upvoted,upvoted,7
upvoted,upvoted,10
upvoted,upvoted,12
upvoted,upvoted,1574
upvoted,upvoted,687
upvoted,upvoted,80
downvoted,downvoted,0
upvoted,downvoted,3
upvoted,downvoted,6
upvoted,downvoted,5
upvoted,downvoted,5
upvoted,upvoted,350
upvoted,downvoted,0
downvoted,downvoted,3
upvoted,upvoted,8
upvoted,downvoted,1
upvoted,downvoted,5
downvoted,upvoted,60
upvoted,downvoted,1
upvoted,upvoted,41
upvoted,upvoted,46
upvoted,downvoted,2
upvoted,downvoted,3
upvoted,downvoted,2
upvoted,downvoted,1
upvoted,upvoted,106
upvoted,upvoted,73
upvoted,downvoted,2
upvoted,downvoted,2
upvoted,downvoted,5
upvoted,downvoted,3
upvoted,downvoted,3
upvoted,upvoted,7
upvoted,downvoted,1
upvoted,upvoted,12
upvoted,downvoted,0
upvoted,upvoted,22
upvoted,downvoted,1
upvoted,downvoted,2
upvoted,downvoted,1
upvoted,downvoted,2
upvoted,downvoted,2
upvoted,upvoted,65
upvoted,downvoted,3
upvoted,downvoted,2
upvoted,upvoted,23
downvoted,upvoted,13
upvoted,upvoted,189
upvoted,upvoted,11
downvoted,downvoted,1
upvoted,upvoted,18
upvoted,upvoted,6
upvoted,upvoted,244
upvoted,downvoted,3
upvoted,upvoted,12
upvoted,downvoted,3
upvoted,upvoted,62
upvoted,downvoted,-4
upvoted,upvoted,9
upvoted,downvoted,1
upvoted,downvoted,3
upvoted,downvoted,1
upvoted,upvoted,16
upvoted,downvoted,1
upvoted,downvoted,2
downvoted,downvoted,5
downvoted,upvoted,1830
upvoted,upvoted,49
upvoted,downvoted,4
upvoted,downvoted,2
upvoted,downvoted,3
upvoted,downvoted,1
upvoted,upvoted,10
upvoted,downvoted,1
upvoted,downvoted,2
upvoted,downvoted,1
upvoted,upvoted,77
upvoted,upvoted,326
upvoted,downvoted,1
upvoted,downvoted,3
upvoted,downvoted,3
upvoted,upvoted,10
upvoted,upvoted,6
upvoted,upvoted,77
upvoted,upvoted,11
upvoted,upvoted,28
upvoted,downvoted,5
upvoted,downvoted,4
upvoted,upvoted,8
upvoted,upvoted,8
upvoted,downvoted,2
upvoted,upvoted,28
downvoted,upvoted,19
upvoted,downvoted,2
upvoted,downvoted,2
upvoted,upvoted,8
upvoted,downvoted,1
downvoted,downvoted,1
upvoted,downvoted,5
upvoted,upvoted,880
upvoted,downvoted,3
upvoted,downvoted,5
upvoted,downvoted,1
upvoted,downvoted,2
downvoted,downvoted,1
upvoted,downvoted,3
upvoted,upvoted,39
upvoted,upvoted,46
upvoted,upvoted,68
upvoted,upvoted,6
upvoted,downvoted,3
upvoted,upvoted,161
upvoted,downvoted,3
upvoted,downvoted,3
upvoted,upvoted,30
upvoted,upvoted,18
upvoted,upvoted,23
downvoted,downvoted,3
upvoted,downvoted,5
upvoted,upvoted,210
upvoted,downvoted,-1
upvoted,upvoted,18
upvoted,downvoted,1
upvoted,downvoted,1
upvoted,downvoted,5
downvoted,downvoted,0
upvoted,downvoted,1
upvoted,downvoted,3
upvoted,downvoted,2
upvoted,upvoted,72
upvoted,upvoted,26
upvoted,downvoted,3
upvoted,upvoted,93
upvoted,downvoted,6
upvoted,downvoted,1
upvoted,upvoted,409
upvoted,downvoted,5
upvoted,upvoted,41
upvoted,upvoted,17
upvoted,upvoted,49
upvoted,downvoted,1
upvoted,downvoted,1
upvoted,downvoted,1
upvoted,upvoted,10
upvoted,downvoted,2
upvoted,downvoted,1
upvoted,upvoted,8
downvoted,downvoted,5
upvoted,upvoted,21
upvoted,downvoted,5
upvoted,upvoted,9
upvoted,upvoted,7
upvoted,downvoted,3
upvoted,upvoted,18
upvoted,upvoted,6
upvoted,downvoted,2
upvoted,downvoted,2
upvoted,upvoted,155
upvoted,upvoted,11
upvoted,upvoted,14
upvoted,downvoted,3
upvoted,upvoted,7
upvoted,downvoted,3
upvoted,downvoted,2
upvoted,downvoted,3
upvoted,downvoted,5
upvoted,upvoted,6
upvoted,downvoted,4
upvoted,upvoted,85
upvoted,downvoted,3
upvoted,upvoted,13
upvoted,upvoted,45
downvoted,downvoted,1
upvoted,downvoted,2
upvoted,upvoted,52
upvoted,downvoted,1
upvoted,downvoted,4
upvoted,downvoted,3
upvoted,downvoted,2
downvoted,upvoted,7
upvoted,upvoted,16
upvoted,downvoted,2
upvoted,upvoted,16
upvoted,downvoted,3
upvoted,downvoted,-5
upvoted,upvoted,44
upvoted,downvoted,2
upvoted,downvoted,2
downvoted,downvoted,3
upvoted,upvoted,8
upvoted,upvoted,2535
upvoted,downvoted,1
upvoted,upvoted,9
upvoted,downvoted,2
upvoted,downvoted,4
upvoted,upvoted,29
downvoted,downvoted,1
upvoted,downvoted,1
upvoted,upvoted,2337
downvoted,downvoted,2
upvoted,upvoted,14
upvoted,downvoted,2
upvoted,downvoted,4
upvoted,upvoted,20
upvoted,downvoted,5
upvoted,upvoted,37
upvoted,downvoted,5
upvoted,upvoted,7
upvoted,upvoted,29
upvoted,upvoted,129
upvoted,upvoted,23
upvoted,upvoted,2468
upvoted,upvoted,136
upvoted,downvoted,5
upvoted,upvoted,6
upvoted,downvoted,2
upvoted,upvoted,22
upvoted,upvoted,12
upvoted,downvoted,3
upvoted,downvoted,1
upvoted,upvoted,53
upvoted,downvoted,2
upvoted,upvoted,75
upvoted,downvoted,1
upvoted,downvoted,1
upvoted,downvoted,0
upvoted,downvoted,2
upvoted,upvoted,307
upvoted,downvoted,2
upvoted,upvoted,29
upvoted,upvoted,45
upvoted,upvoted,141
upvoted,upvoted,52
upvoted,downvoted,3
upvoted,upvoted,18
upvoted,upvoted,471
upvoted,upvoted,6
upvoted,upvoted,288
upvoted,downvoted,1
upvoted,downvoted,2
upvoted,upvoted,39
upvoted,upvoted,21
upvoted,upvoted,85
upvoted,downvoted,5
upvoted,upvoted,977
upvoted,downvoted,2
downvoted,downvoted,5
downvoted,upvoted,154
upvoted,upvoted,1117
upvoted,downvoted,3
upvoted,downvoted,5
upvoted,downvoted,3
upvoted,upvoted,122
upvoted,downvoted,1
upvoted,downvoted,5
upvoted,downvoted,2
upvoted,upvoted,108
upvoted,upvoted,7
upvoted,downvoted,1
upvoted,upvoted,144
upvoted,upvoted,15
upvoted,upvoted,29
upvoted,upvoted,6
upvoted,downvoted,1
upvoted,upvoted,44
upvoted,downvoted,2
upvoted,upvoted,23
upvoted,downvoted,2
upvoted,upvoted,42
upvoted,upvoted,75
upvoted,upvoted,18
upvoted,upvoted,200
upvoted,downvoted,0
upvoted,upvoted,22
upvoted,downvoted,2
upvoted,downvoted,-5
upvoted,downvoted,3
upvoted,upvoted,10
upvoted,downvoted,2
upvoted,downvoted,0
upvoted,downvoted,1
upvoted,upvoted,56
upvoted,upvoted,11
upvoted,upvoted,250
upvoted,upvoted,222
upvoted,downvoted,1
upvoted,downvoted,5
upvoted,downvoted,4
downvoted,upvoted,9
upvoted,upvoted,10
upvoted,upvoted,18
upvoted,downvoted,2
upvoted,upvoted,12
upvoted,upvoted,26
downvoted,downvoted,3
upvoted,downvoted,1
upvoted,upvoted,9
upvoted,downvoted,2
upvoted,downvoted,1
upvoted,upvoted,16
upvoted,upvoted,21
upvoted,downvoted,2
upvoted,upvoted,71
upvoted,upvoted,12
upvoted,downvoted,-6
upvoted,upvoted,8
upvoted,downvoted,5
upvoted,downvoted,2
upvoted,downvoted,1
upvoted,downvoted,3
upvoted,downvoted,3
upvoted,downvoted,-45
upvoted,downvoted,5
upvoted,upvoted,11
upvoted,downvoted,3
upvoted,upvoted,35
upvoted,downvoted,2
downvoted,upvoted,25
upvoted,upvoted,6
upvoted,downvoted,1
upvoted,downvoted,1
upvoted,upvoted,151
upvoted,downvoted,3
downvoted,downvoted,0
upvoted,upvoted,34
upvoted,downvoted,3
upvoted,upvoted,45
upvoted,upvoted,13
upvoted,upvoted,10
upvoted,downvoted,3
upvoted,upvoted,68
upvoted,downvoted,1
upvoted,downvoted,5
upvoted,downvoted,1
upvoted,downvoted,1
upvoted,upvoted,53
upvoted,downvoted,2
upvoted,downvoted,4
upvoted,downvoted,4
upvoted,downvoted,1
upvoted,downvoted,1
upvoted,upvoted,25
upvoted,downvoted,1
upvoted,downvoted,1
upvoted,upvoted,22
upvoted,downvoted,2
upvoted,downvoted,4
upvoted,upvoted,18
upvoted,downvoted,5
upvoted,downvoted,1
upvoted,upvoted,12
upvoted,downvoted,1
upvoted,upvoted,105
upvoted,upvoted,37
upvoted,upvoted,19
upvoted,downvoted,5
upvoted,downvoted,3
upvoted,upvoted,16
upvoted,downvoted,1
downvoted,downvoted,1
upvoted,upvoted,8
upvoted,downvoted,3
upvoted,downvoted,1
upvoted,upvoted,13
upvoted,downvoted,4
downvoted,downvoted,4
upvoted,downvoted,4
upvoted,downvoted,1
upvoted,downvoted,4
upvoted,upvoted,7
upvoted,downvoted,1
upvoted,downvoted,6
upvoted,upvoted,975
upvoted,downvoted,4
upvoted,upvoted,52
upvoted,upvoted,146
upvoted,upvoted,12
upvoted,downvoted,-14
upvoted,downvoted,1
upvoted,downvoted,3
upvoted,downvoted,3
upvoted,downvoted,4
upvoted,downvoted,1
upvoted,upvoted,23
upvoted,downvoted,5
upvoted,upvoted,10
upvoted,upvoted,29
upvoted,upvoted,214
upvoted,downvoted,3
upvoted,downvoted,3
upvoted,upvoted,25
upvoted,downvoted,1
upvoted,upvoted,45
upvoted,downvoted,5
upvoted,downvoted,3
upvoted,downvoted,1
upvoted,upvoted,12
upvoted,downvoted,1
upvoted,downvoted,1
upvoted,upvoted,13
upvoted,upvoted,6
upvoted,downvoted,1
upvoted,upvoted,33
upvoted,upvoted,44
upvoted,upvoted,26
upvoted,upvoted,42
upvoted,upvoted,15
upvoted,downvoted,-2
upvoted,upvoted,57
upvoted,downvoted,1
upvoted,upvoted,6
upvoted,upvoted,16
upvoted,upvoted,7
upvoted,upvoted,90
upvoted,upvoted,24
upvoted,upvoted,10
downvoted,downvoted,1
upvoted,downvoted,5
upvoted,upvoted,18
upvoted,upvoted,155
downvoted,upvoted,29
upvoted,upvoted,6
downvoted,downvoted,4
upvoted,upvoted,7
upvoted,upvoted,13
upvoted,downvoted,6
upvoted,downvoted,2
upvoted,downvoted,5
downvoted,upvoted,150
upvoted,downvoted,1
upvoted,downvoted,5
upvoted,upvoted,11
upvoted,downvoted,2
upvoted,upvoted,306
upvoted,upvoted,52
upvoted,upvoted,18
upvoted,upvoted,15
upvoted,downvoted,2
upvoted,upvoted,30
upvoted,downvoted,4
upvoted,upvoted,122
upvoted,upvoted,14
upvoted,downvoted,1
upvoted,upvoted,10
upvoted,downvoted,5
upvoted,upvoted,11
upvoted,upvoted,8
upvoted,upvoted,33
upvoted,downvoted,3
upvoted,upvoted,146
upvoted,downvoted,2
upvoted,upvoted,61
downvoted,downvoted,-11
upvoted,upvoted,24
upvoted,downvoted,1
upvoted,upvoted,31
upvoted,downvoted,2
upvoted,downvoted,3
upvoted,downvoted,5
upvoted,upvoted,7
upvoted,downvoted,0
upvoted,downvoted,1
upvoted,downvoted,2
downvoted,downvoted,2
upvoted,downvoted,3
upvoted,upvoted,8
upvoted,downvoted,3
upvoted,upvoted,15
upvoted,downvoted,6
upvoted,downvoted,2
upvoted,downvoted,1
upvoted,upvoted,19
upvoted,downvoted,1
upvoted,upvoted,28
upvoted,downvoted,3
downvoted,upvoted,130
upvoted,upvoted,915
upvoted,downvoted,3
downvoted,downvoted,5
upvoted,downvoted,-1
upvoted,upvoted,14
upvoted,upvoted,97
upvoted,downvoted,2
upvoted,upvoted,42
upvoted,upvoted,103
upvoted,upvoted,13
upvoted,upvoted,89
downvoted,downvoted,1
upvoted,downvoted,5
upvoted,upvoted,7
upvoted,upvoted,11
upvoted,downvoted,1
upvoted,downvoted,2
upvoted,upvoted,1800
upvoted,upvoted,72
upvoted,upvoted,35
downvoted,downvoted,4
upvoted,downvoted,3
downvoted,upvoted,79
upvoted,downvoted,5
upvoted,downvoted,6
upvoted,upvoted,25
upvoted,downvoted,1
upvoted,downvoted,4
upvoted,downvoted,4
upvoted,downvoted,5
upvoted,upvoted,13
upvoted,downvoted,4
upvoted,downvoted,1
upvoted,upvoted,33
upvoted,upvoted,28
upvoted,upvoted,14
downvoted,downvoted,2
upvoted,downvoted,2
upvoted,downvoted,3
upvoted,upvoted,264
upvoted,upvoted,224
upvoted,upvoted,12
upvoted,upvoted,21
upvoted,downvoted,4
upvoted,upvoted,233
downvoted,downvoted,1
upvoted,upvoted,10
upvoted,upvoted,60
upvoted,upvoted,33
upvoted,upvoted,534
downvoted,downvoted,1
upvoted,downvoted,1
upvoted,downvoted,3
upvoted,downvoted,3
upvoted,upvoted,8
upvoted,downvoted,1
upvoted,upvoted,485
upvoted,upvoted,15
upvoted,downvoted,4
upvoted,downvoted,4
upvoted,downvoted,5
upvoted,upvoted,57
upvoted,downvoted,3
upvoted,downvoted,1
upvoted,downvoted,3
upvoted,upvoted,14
upvoted,upvoted,7
upvoted,upvoted,26
upvoted,upvoted,11
upvoted,upvoted,20
upvoted,upvoted,22
upvoted,downvoted,5
upvoted,upvoted,409
upvoted,upvoted,10
downvoted,upvoted,9
upvoted,downvoted,5
upvoted,downvoted,1
upvoted,downvoted,-17
upvoted,downvoted,1
upvoted,upvoted,532
upvoted,downvoted,1
upvoted,downvoted,3
upvoted,downvoted,2
downvoted,upvoted,1170
upvoted,downvoted,4
upvoted,downvoted,1
upvoted,upvoted,72
upvoted,downvoted,1
upvoted,upvoted,19
upvoted,downvoted,2
upvoted,downvoted,2
upvoted,upvoted,90
upvoted,downvoted,2
upvoted,downvoted,5
upvoted,upvoted,248
downvoted,upvoted,11
upvoted,downvoted,2
upvoted,upvoted,218
upvoted,downvoted,3
downvoted,downvoted,3
upvoted,upvoted,24
upvoted,downvoted,1
downvoted,upvoted,8
upvoted,upvoted,105
upvoted,upvoted,221
upvoted,downvoted,2
upvoted,upvoted,16
downvoted,upvoted,76
upvoted,downvoted,6
upvoted,downvoted,3
upvoted,upvoted,16
upvoted,upvoted,9
upvoted,downvoted,2
upvoted,upvoted,34
upvoted,upvoted,10
upvoted,downvoted,1
upvoted,downvoted,5
upvoted,upvoted,29
upvoted,upvoted,1627
upvoted,downvoted,1
upvoted,upvoted,20
upvoted,upvoted,227
upvoted,downvoted,3
upvoted,downvoted,-4
upvoted,upvoted,49
upvoted,upvoted,11
upvoted,downvoted,2
upvoted,upvoted,160
upvoted,upvoted,12
upvoted,downvoted,1
upvoted,downvoted,3
upvoted,downvoted,1
upvoted,downvoted,1
upvoted,downvoted,1
upvoted,upvoted,8
upvoted,upvoted,75
upvoted,downvoted,-5
upvoted,upvoted,15
upvoted,upvoted,996
upvoted,downvoted,3
upvoted,downvoted,1
upvoted,downvoted,6
upvoted,upvoted,433
upvoted,upvoted,19
upvoted,downvoted,6
upvoted,downvoted,2
upvoted,upvoted,89
upvoted,downvoted,4
downvoted,downvoted,1
upvoted,upvoted,6
upvoted,upvoted,22
upvoted,downvoted,6
upvoted,upvoted,15
upvoted,upvoted,56
upvoted,downvoted,1
upvoted,upvoted,7
upvoted,upvoted,20
upvoted,upvoted,90
upvoted,upvoted,81
upvoted,upvoted,39
upvoted,downvoted,4
upvoted,downvoted,1
downvoted,downvoted,-19
upvoted,upvoted,6
upvoted,upvoted,29
upvoted,upvoted,51
upvoted,upvoted,12
upvoted,upvoted,493
upvoted,downvoted,2
upvoted,downvoted,1
upvoted,downvoted,1
upvoted,upvoted,14
upvoted,downvoted,-2
upvoted,upvoted,171
upvoted,downvoted,1
upvoted,downvoted,5
downvoted,upvoted,9
upvoted,downvoted,4
upvoted,downvoted,2
downvoted,upvoted,30
upvoted,downvoted,1
upvoted,downvoted,4
upvoted,upvoted,17
upvoted,downvoted,1
upvoted,downvoted,3
upvoted,downvoted,4
upvoted,downvoted,4
upvoted,downvoted,1
upvoted,downvoted,1
upvoted,downvoted,1
upvoted,downvoted,2
upvoted,upvoted,63
upvoted,downvoted,1
upvoted,upvoted,35
upvoted,downvoted,2
upvoted,upvoted,27
upvoted,upvoted,54
upvoted,downvoted,4
upvoted,upvoted,83
upvoted,downvoted,1
downvoted,downvoted,1
upvoted,downvoted,2
upvoted,downvoted,5
upvoted,upvoted,684
upvoted,downvoted,3
upvoted,upvoted,16
upvoted,upvoted,74
upvoted,upvoted,64
upvoted,downvoted,2
upvoted,upvoted,14
upvoted,downvoted,3
upvoted,upvoted,37
upvoted,upvoted,61
upvoted,upvoted,12
upvoted,upvoted,103
upvoted,downvoted,2
upvoted,downvoted,3
upvoted,downvoted,3
upvoted,downvoted,6
downvoted,upvoted,12
upvoted,upvoted,300
upvoted,downvoted,5
upvoted,downvoted,5
upvoted,upvoted,14
upvoted,downvoted,-9
upvoted,upvoted,42
upvoted,downvoted,1
upvoted,upvoted,10
upvoted,upvoted,7
upvoted,upvoted,26
upvoted,upvoted,12
upvoted,downvoted,-23
upvoted,upvoted,8
upvoted,downvoted,4
upvoted,downvoted,1
upvoted,upvoted,7
upvoted,upvoted,67
upvoted,downvoted,1
upvoted,upvoted,12
upvoted,downvoted,2
upvoted,upvoted,166
upvoted,upvoted,32
upvoted,upvoted,47
upvoted,downvoted,5
upvoted,upvoted,37
upvoted,upvoted,105
upvoted,upvoted,76
downvoted,upvoted,3236
upvoted,downvoted,4
upvoted,downvoted,0
upvoted,downvoted,3
upvoted,upvoted,8
upvoted,upvoted,81
upvoted,downvoted,5
downvoted,upvoted,573
upvoted,downvoted,4
upvoted,downvoted,1
upvoted,downvoted,3
upvoted,upvoted,6
upvoted,downvoted,2
upvoted,upvoted,1455
upvoted,downvoted,2
upvoted,downvoted,1
upvoted,downvoted,1
upvoted,upvoted,9
upvoted,upvoted,8
upvoted,downvoted,3
upvoted,upvoted,15
upvoted,upvoted,38
upvoted,upvoted,263
upvoted,upvoted,10
upvoted,downvoted,1
upvoted,upvoted,10
upvoted,downvoted,0
upvoted,downvoted,3
upvoted,downvoted,6
upvoted,upvoted,1056
upvoted,downvoted,2
upvoted,downvoted,1
upvoted,upvoted,43
upvoted,downvoted,1
upvoted,upvoted,6
downvoted,downvoted,2
upvoted,downvoted,6
downvoted,upvoted,8
downvoted,downvoted,2
upvoted,upvoted,13
upvoted,downvoted,0
upvoted,downvoted,2
upvoted,upvoted,17
upvoted,upvoted,73
upvoted,downvoted,4
upvoted,upvoted,7
upvoted,upvoted,36
upvoted,downvoted,4
upvoted,downvoted,2
upvoted,downvoted,1
upvoted,downvoted,1
upvoted,downvoted,3
upvoted,upvoted,18
upvoted,downvoted,1
upvoted,upvoted,119
upvoted,downvoted,1
upvoted,downvoted,1
upvoted,upvoted,206
upvoted,downvoted,3
downvoted,downvoted,4
upvoted,downvoted,4
upvoted,downvoted,5
upvoted,downvoted,3
downvoted,upvoted,7
downvoted,upvoted,52
upvoted,downvoted,4
upvoted,upvoted,10
upvoted,upvoted,14
upvoted,downvoted,5
upvoted,upvoted,29
upvoted,downvoted,1
upvoted,upvoted,6
upvoted,upvoted,535
upvoted,downvoted,4
upvoted,upvoted,70
upvoted,downvoted,1
upvoted,downvoted,3
upvoted,downvoted,3
upvoted,upvoted,149
upvoted,downvoted,0
upvoted,upvoted,6
upvoted,downvoted,1
upvoted,upvoted,11
downvoted,downvoted,1
upvoted,downvoted,1
upvoted,upvoted,40
upvoted,downvoted,1
upvoted,upvoted,10
upvoted,downvoted,2
upvoted,downvoted,5
upvoted,downvoted,-15
upvoted,upvoted,58
upvoted,upvoted,144
upvoted,downvoted,1
upvoted,upvoted,1433
upvoted,upvoted,12
upvoted,upvoted,7
upvoted,downvoted,1
upvoted,upvoted,46
upvoted,upvoted,58
upvoted,upvoted,10
upvoted,upvoted,52
upvoted,downvoted,1
upvoted,downvoted,-7
upvoted,downvoted,1
upvoted,downvoted,5
downvoted,downvoted,3
upvoted,downvoted,2
upvoted,upvoted,11
upvoted,downvoted,1
upvoted,upvoted,210
upvoted,upvoted,10
downvoted,downvoted,1
upvoted,upvoted,30
upvoted,upvoted,13
upvoted,downvoted,2
upvoted,downvoted,5
upvoted,downvoted,2
upvoted,downvoted,2
upvoted,upvoted,19
upvoted,downvoted,3
upvoted,upvoted,208
upvoted,upvoted,9
upvoted,upvoted,14
upvoted,upvoted,29
upvoted,upvoted,24
downvoted,upvoted,6
upvoted,upvoted,15
upvoted,downvoted,-2
upvoted,downvoted,2
downvoted,downvoted,1
upvoted,downvoted,3
upvoted,upvoted,534
upvoted,upvoted,6
upvoted,upvoted,18
upvoted,downvoted,1
upvoted,upvoted,26
upvoted,downvoted,1
upvoted,downvoted,-1
upvoted,downvoted,3
upvoted,downvoted,2
upvoted,downvoted,1
upvoted,upvoted,10
upvoted,downvoted,1
upvoted,downvoted,1
upvoted,downvoted,2
upvoted,upvoted,23
upvoted,downvoted,3
upvoted,downvoted,1
upvoted,downvoted,1
upvoted,downvoted,2
upvoted,upvoted,26
downvoted,downvoted,1
upvoted,downvoted,-7
upvoted,upvoted,24
upvoted,downvoted,3
upvoted,upvoted,160
upvoted,upvoted,17
upvoted,upvoted,15
upvoted,upvoted,29
upvoted,downvoted,4
upvoted,downvoted,1
upvoted,upvoted,40
upvoted,downvoted,3
upvoted,downvoted,4
upvoted,downvoted,1
upvoted,downvoted,2
upvoted,upvoted,218
upvoted,upvoted,161
upvoted,downvoted,1
upvoted,downvoted,1
downvoted,upvoted,304
upvoted,downvoted,5
upvoted,upvoted,14
downvoted,downvoted,1
downvoted,upvoted,14
upvoted,downvoted,1
upvoted,downvoted,2
downvoted,downvoted,3
upvoted,downvoted,2
upvoted,upvoted,16
upvoted,upvoted,3417
upvoted,upvoted,17
upvoted,downvoted,1
upvoted,downvoted,2
upvoted,downvoted,2
upvoted,upvoted,287
upvoted,upvoted,933
upvoted,upvoted,6
upvoted,downvoted,1
upvoted,upvoted,490
upvoted,downvoted,2
upvoted,upvoted,7
upvoted,downvoted,3
upvoted,upvoted,122
upvoted,upvoted,60
upvoted,upvoted,409
upvoted,upvoted,13
upvoted,downvoted,3
upvoted,downvoted,1
upvoted,upvoted,11
upvoted,downvoted,3
upvoted,downvoted,2
upvoted,downvoted,1
upvoted,upvoted,10
upvoted,upvoted,257
upvoted,upvoted,207
upvoted,upvoted,270
upvoted,downvoted,6
upvoted,downvoted,3
upvoted,upvoted,30
upvoted,downvoted,4
upvoted,downvoted,-2
upvoted,downvoted,2
upvoted,downvoted,4
upvoted,upvoted,25
upvoted,upvoted,6
upvoted,downvoted,2
upvoted,upvoted,12
upvoted,upvoted,121
upvoted,downvoted,2
upvoted,upvoted,100
upvoted,downvoted,3
upvoted,upvoted,14
upvoted,downvoted,3
upvoted,upvoted,439
upvoted,upvoted,67
upvoted,upvoted,6
upvoted,upvoted,25
upvoted,upvoted,34
upvoted,downvoted,2
upvoted,upvoted,377
upvoted,upvoted,76
upvoted,downvoted,4
upvoted,upvoted,627
upvoted,downvoted,2
upvoted,downvoted,3
upvoted,downvoted,2
upvoted,upvoted,14
upvoted,downvoted,1
upvoted,downvoted,1
downvoted,downvoted,4
upvoted,upvoted,52
upvoted,downvoted,1
upvoted,upvoted,87
upvoted,upvoted,24
upvoted,downvoted,2
upvoted,downvoted,1
upvoted,upvoted,44
upvoted,downvoted,1
upvoted,downvoted,1
upvoted,downvoted,1
upvoted,downvoted,2
upvoted,downvoted,2
upvoted,downvoted,2
upvoted,downvoted,2
upvoted,downvoted,5
upvoted,upvoted,15
upvoted,upvoted,1253
upvoted,downvoted,1
upvoted,upvoted,7
upvoted,downvoted,2
upvoted,downvoted,2
upvoted,upvoted,22
upvoted,downvoted,1
upvoted,upvoted,11
upvoted,upvoted,10
upvoted,upvoted,59
upvoted,upvoted,6
downvoted,upvoted,7
upvoted,upvoted,27
upvoted,upvoted,30
upvoted,downvoted,3
upvoted,downvoted,3
upvoted,downvoted,2
upvoted,downvoted,2
downvoted,upvoted,130
upvoted,downvoted,1
upvoted,downvoted,1
downvoted,upvoted,6
upvoted,downvoted,4
upvoted,downvoted,1
upvoted,upvoted,260
upvoted,downvoted,3
downvoted,downvoted,6
upvoted,upvoted,8
upvoted,downvoted,1
upvoted,upvoted,8
upvoted,upvoted,27
upvoted,upvoted,14
upvoted,upvoted,17
upvoted,downvoted,2
upvoted,downvoted,5
upvoted,downvoted,3
upvoted,downvoted,4
upvoted,downvoted,2
upvoted,downvoted,6
upvoted,downvoted,5
upvoted,downvoted,2
upvoted,downvoted,2
upvoted,upvoted,239
downvoted,downvoted,2
upvoted,downvoted,1
upvoted,upvoted,92
upvoted,downvoted,1
downvoted,upvoted,10
upvoted,upvoted,3617
upvoted,upvoted,20
upvoted,downvoted,3
upvoted,upvoted,174
upvoted,downvoted,0
upvoted,upvoted,43
downvoted,downvoted,2
upvoted,downvoted,5
upvoted,upvoted,22
upvoted,upvoted,51
upvoted,downvoted,1
upvoted,downvoted,2
upvoted,downvoted,2
upvoted,downvoted,1
upvoted,downvoted,2
upvoted,upvoted,6
upvoted,downvoted,1
downvoted,downvoted,4
downvoted,downvoted,1
upvoted,downvoted,2
upvoted,downvoted,1
upvoted,upvoted,10
upvoted,downvoted,1
upvoted,upvoted,19
upvoted,downvoted,3
upvoted,upvoted,30
upvoted,downvoted,2
upvoted,downvoted,1
upvoted,downvoted,3
upvoted,downvoted,4
upvoted,downvoted,2
upvoted,upvoted,1611
upvoted,upvoted,7
upvoted,downvoted,1
upvoted,downvoted,2
upvoted,downvoted,2
upvoted,upvoted,21
upvoted,upvoted,36
upvoted,upvoted,257
upvoted,upvoted,88
upvoted,upvoted,7
upvoted,downvoted,1
upvoted,downvoted,6
upvoted,downvoted,2
upvoted,upvoted,38
upvoted,upvoted,24
upvoted,downvoted,3
upvoted,upvoted,21
upvoted,upvoted,39
upvoted,downvoted,2
upvoted,upvoted,13
upvoted,upvoted,46
upvoted,downvoted,3
upvoted,downvoted,2
upvoted,upvoted,126
upvoted,upvoted,19
upvoted,downvoted,3
upvoted,downvoted,1
upvoted,downvoted,5
upvoted,upvoted,6
upvoted,downvoted,3
upvoted,downvoted,2
upvoted,downvoted,2
upvoted,downvoted,2
upvoted,downvoted,2
upvoted,upvoted,54
upvoted,downvoted,3
upvoted,downvoted,2
upvoted,downvoted,4
upvoted,downvoted,1
upvoted,downvoted,3
upvoted,downvoted,5
downvoted,upvoted,1831
upvoted,downvoted,2
upvoted,downvoted,1
upvoted,downvoted,5
upvoted,upvoted,15
upvoted,downvoted,5
upvoted,downvoted,-1
upvoted,upvoted,110
upvoted,downvoted,2
upvoted,downvoted,4
upvoted,downvoted,1
upvoted,upvoted,90
upvoted,upvoted,117
upvoted,upvoted,33
upvoted,upvoted,91
downvoted,upvoted,36
upvoted,downvoted,1
upvoted,upvoted,8
upvoted,upvoted,418
downvoted,upvoted,6
upvoted,upvoted,107
upvoted,upvoted,19
upvoted,downvoted,4
upvoted,upvoted,80
upvoted,upvoted,55
upvoted,upvoted,6
upvoted,upvoted,55
upvoted,upvoted,34
upvoted,upvoted,24
upvoted,upvoted,51
upvoted,upvoted,13
upvoted,downvoted,1
downvoted,upvoted,28
upvoted,downvoted,1
upvoted,downvoted,3
upvoted,downvoted,-9
downvoted,downvoted,1
upvoted,downvoted,2
upvoted,upvoted,47
upvoted,upvoted,7
upvoted,downvoted,4
upvoted,upvoted,638
upvoted,upvoted,9
upvoted,downvoted,2
upvoted,downvoted,3
downvoted,upvoted,6
upvoted,upvoted,152
upvoted,upvoted,341
upvoted,upvoted,55
upvoted,upvoted,306
downvoted,upvoted,139
upvoted,downvoted,4
upvoted,downvoted,6
upvoted,downvoted,3
upvoted,downvoted,5
upvoted,upvoted,8
upvoted,downvoted,1
upvoted,upvoted,31
upvoted,downvoted,1
upvoted,downvoted,2
upvoted,upvoted,23
upvoted,upvoted,88
upvoted,upvoted,24
upvoted,downvoted,2
upvoted,downvoted,2
upvoted,downvoted,5
upvoted,upvoted,33
upvoted,upvoted,15
upvoted,downvoted,3
upvoted,downvoted,1
upvoted,upvoted,24
upvoted,downvoted,5
upvoted,upvoted,55
upvoted,downvoted,2
upvoted,downvoted,3
upvoted,downvoted,1
upvoted,upvoted,97
upvoted,upvoted,21
upvoted,downvoted,1
upvoted,upvoted,108
upvoted,upvoted,294
upvoted,downvoted,2
downvoted,upvoted,186
upvoted,upvoted,7
upvoted,downvoted,1
upvoted,upvoted,39
downvoted,upvoted,24
upvoted,downvoted,3
upvoted,upvoted,8
upvoted,upvoted,176
upvoted,downvoted,5
upvoted,downvoted,3
upvoted,upvoted,168
upvoted,upvoted,296
upvoted,upvoted,57
upvoted,upvoted,215
upvoted,upvoted,8
upvoted,upvoted,12
upvoted,downvoted,5
upvoted,downvoted,1
upvoted,upvoted,14
upvoted,downvoted,1
upvoted,upvoted,7
upvoted,upvoted,6147
upvoted,downvoted,4
upvoted,downvoted,1
upvoted,downvoted,3
upvoted,downvoted,-7
upvoted,upvoted,37
upvoted,downvoted,5
upvoted,upvoted,11
upvoted,upvoted,57
upvoted,downvoted,3
upvoted,upvoted,106
upvoted,downvoted,2
upvoted,downvoted,1
upvoted,downvoted,6
downvoted,downvoted,1
upvoted,downvoted,3
upvoted,upvoted,8
downvoted,upvoted,30
upvoted,upvoted,12
upvoted,upvoted,16
upvoted,downvoted,1
upvoted,upvoted,19
upvoted,upvoted,11
upvoted,downvoted,3
upvoted,upvoted,19
upvoted,upvoted,92
upvoted,downvoted,3
upvoted,downvoted,2
upvoted,upvoted,52
downvoted,upvoted,8
upvoted,downvoted,3
upvoted,downvoted,4
upvoted,downvoted,1
upvoted,upvoted,7
upvoted,upvoted,15
upvoted,downvoted,5
upvoted,upvoted,122
upvoted,upvoted,14
upvoted,upvoted,8
upvoted,upvoted,55
upvoted,downvoted,-31
upvoted,upvoted,242
upvoted,upvoted,22
upvoted,upvoted,693
upvoted,upvoted,22
upvoted,upvoted,31
upvoted,upvoted,20
upvoted,downvoted,1
upvoted,upvoted,236
upvoted,downvoted,3
upvoted,downvoted,6
upvoted,upvoted,9
upvoted,downvoted,2
upvoted,upvoted,202
upvoted,downvoted,2
upvoted,upvoted,20
downvoted,upvoted,10
upvoted,upvoted,24
upvoted,downvoted,1
upvoted,downvoted,2
upvoted,downvoted,-7
upvoted,upvoted,174
upvoted,downvoted,3
upvoted,downvoted,5
upvoted,upvoted,27
upvoted,downvoted,-10
upvoted,downvoted,2
upvoted,downvoted,2
upvoted,upvoted,15
upvoted,upvoted,26
upvoted,upvoted,45
upvoted,downvoted,3
upvoted,upvoted,9
upvoted,downvoted,4
upvoted,upvoted,84
upvoted,upvoted,28
upvoted,upvoted,6
upvoted,upvoted,18
upvoted,upvoted,104
upvoted,downvoted,2
downvoted,upvoted,16
upvoted,upvoted,290
upvoted,upvoted,14
upvoted,upvoted,6
upvoted,upvoted,6
upvoted,downvoted,5
upvoted,upvoted,7
upvoted,downvoted,4
upvoted,upvoted,229
upvoted,downvoted,4
upvoted,downvoted,1
upvoted,upvoted,57
upvoted,downvoted,2
upvoted,upvoted,41
upvoted,upvoted,37
upvoted,upvoted,15
upvoted,upvoted,6
upvoted,downvoted,1
upvoted,downvoted,2
upvoted,upvoted,45
upvoted,downvoted,2
upvoted,upvoted,117
upvoted,downvoted,1
upvoted,downvoted,3
upvoted,downvoted,3
upvoted,downvoted,1
downvoted,upvoted,873
upvoted,downvoted,1
upvoted,upvoted,25
upvoted,downvoted,3
upvoted,downvoted,4
upvoted,upvoted,31
upvoted,upvoted,199
upvoted,downvoted,1
upvoted,upvoted,177
upvoted,upvoted,17
upvoted,upvoted,58
upvoted,downvoted,4
upvoted,upvoted,10
upvoted,downvoted,5
upvoted,downvoted,1
upvoted,downvoted,3
upvoted,upvoted,12
upvoted,upvoted,13
upvoted,upvoted,10
upvoted,upvoted,35
upvoted,upvoted,113
upvoted,downvoted,2
upvoted,upvoted,17
upvoted,downvoted,2
upvoted,downvoted,5
upvoted,downvoted,1
upvoted,upvoted,24
upvoted,upvoted,72
downvoted,downvoted,1
upvoted,upvoted,27
upvoted,downvoted,2
upvoted,upvoted,24
upvoted,upvoted,7
upvoted,upvoted,14
upvoted,downvoted,5
upvoted,downvoted,-12
upvoted,downvoted,0
downvoted,upvoted,12
upvoted,downvoted,2
upvoted,upvoted,30
downvoted,downvoted,1
upvoted,downvoted,3
upvoted,downvoted,3
upvoted,downvoted,3
upvoted,upvoted,20
upvoted,downvoted,1
upvoted,upvoted,96
downvoted,downvoted,1
upvoted,upvoted,44
upvoted,upvoted,2227
upvoted,upvoted,12
upvoted,downvoted,6
downvoted,upvoted,6
upvoted,upvoted,175
upvoted,upvoted,24
upvoted,downvoted,2
upvoted,upvoted,173
upvoted,downvoted,2
upvoted,upvoted,7
upvoted,downvoted,0
upvoted,upvoted,40
upvoted,upvoted,25
upvoted,upvoted,9
upvoted,upvoted,645
upvoted,downvoted,1
upvoted,upvoted,720
upvoted,downvoted,1
upvoted,upvoted,7
upvoted,downvoted,2
upvoted,upvoted,7
upvoted,upvoted,411
upvoted,upvoted,41
upvoted,downvoted,4
upvoted,upvoted,130
upvoted,upvoted,706
upvoted,downvoted,1
downvoted,downvoted,2
upvoted,upvoted,246
upvoted,downvoted,1
upvoted,upvoted,56
upvoted,upvoted,7
upvoted,upvoted,35
upvoted,upvoted,28
upvoted,downvoted,4
upvoted,upvoted,289
upvoted,upvoted,8
upvoted,upvoted,42
upvoted,downvoted,1
upvoted,downvoted,2
upvoted,upvoted,7
upvoted,downvoted,2
upvoted,downvoted,2
upvoted,downvoted,-30
upvoted,upvoted,14
upvoted,downvoted,3
upvoted,upvoted,215
upvoted,downvoted,2
upvoted,downvoted,-4
upvoted,downvoted,2
upvoted,downvoted,5
downvoted,downvoted,1
downvoted,downvoted,2
upvoted,downvoted,1
upvoted,downvoted,3
upvoted,downvoted,2
upvoted,upvoted,173
upvoted,upvoted,10
upvoted,upvoted,8
upvoted,downvoted,2
upvoted,downvoted,-3
upvoted,upvoted,7
upvoted,downvoted,4
upvoted,downvoted,1
upvoted,downvoted,2
upvoted,upvoted,42
upvoted,downvoted,3
upvoted,upvoted,66
upvoted,upvoted,12
upvoted,upvoted,211
upvoted,upvoted,67
upvoted,downvoted,2
upvoted,upvoted,69
upvoted,upvoted,10
upvoted,downvoted,2
upvoted,downvoted,1
upvoted,upvoted,18
upvoted,upvoted,322
downvoted,downvoted,2
upvoted,upvoted,18
upvoted,upvoted,29
upvoted,upvoted,9
upvoted,downvoted,2
upvoted,upvoted,32
upvoted,upvoted,59
upvoted,downvoted,3
upvoted,upvoted,48
upvoted,downvoted,-11
upvoted,upvoted,28
upvoted,downvoted,5
downvoted,downvoted,1
downvoted,upvoted,53
upvoted,upvoted,657
upvoted,downvoted,1
upvoted,upvoted,16
upvoted,upvoted,163
upvoted,upvoted,12
upvoted,upvoted,38
upvoted,upvoted,17
upvoted,upvoted,53
upvoted,upvoted,12
upvoted,downvoted,5
downvoted,downvoted,1
upvoted,downvoted,1
upvoted,upvoted,66
downvoted,upvoted,15
upvoted,upvoted,6
upvoted,upvoted,14
upvoted,upvoted,18
upvoted,upvoted,7
upvoted,upvoted,58
upvoted,upvoted,27
upvoted,downvoted,3
upvoted,upvoted,19
upvoted,downvoted,6
upvoted,upvoted,17
upvoted,upvoted,7
upvoted,downvoted,4
upvoted,upvoted,284
upvoted,upvoted,44
upvoted,upvoted,25
upvoted,downvoted,1
upvoted,upvoted,19
downvoted,upvoted,201
upvoted,downvoted,1
downvoted,downvoted,1
upvoted,downvoted,1
upvoted,downvoted,3
upvoted,upvoted,39
upvoted,downvoted,2
upvoted,upvoted,99
downvoted,downvoted,1
upvoted,upvoted,2732
upvoted,upvoted,26
downvoted,downvoted,2
upvoted,upvoted,30
upvoted,downvoted,2
upvoted,downvoted,3
upvoted,upvoted,250
upvoted,upvoted,776
upvoted,downvoted,2
upvoted,downvoted,3
upvoted,downvoted,5
upvoted,downvoted,5
upvoted,upvoted,28
upvoted,upvoted,7
upvoted,downvoted,-4
upvoted,downvoted,5
upvoted,upvoted,91
upvoted,upvoted,10
upvoted,downvoted,2
upvoted,upvoted,6
upvoted,downvoted,1
upvoted,downvoted,2
upvoted,downvoted,4
upvoted,upvoted,32
upvoted,downvoted,1
upvoted,upvoted,38
upvoted,downvoted,3
upvoted,upvoted,14
upvoted,upvoted,7
upvoted,downvoted,-21
upvoted,upvoted,20
upvoted,upvoted,93
upvoted,upvoted,54
upvoted,downvoted,3
upvoted,downvoted,2
upvoted,downvoted,0
upvoted,downvoted,2
upvoted,upvoted,10153
downvoted,upvoted,7
upvoted,upvoted,68
upvoted,upvoted,95
upvoted,downvoted,5
upvoted,upvoted,19
upvoted,downvoted,2
upvoted,upvoted,89
upvoted,upvoted,82
upvoted,downvoted,2
upvoted,upvoted,9
downvoted,upvoted,84
upvoted,downvoted,4
upvoted,downvoted,1
upvoted,upvoted,6
downvoted,upvoted,9
upvoted,upvoted,40
upvoted,downvoted,2
upvoted,upvoted,40
upvoted,upvoted,29
upvoted,upvoted,242
upvoted,downvoted,3
upvoted,downvoted,1
upvoted,downvoted,1
upvoted,upvoted,39
upvoted,downvoted,2
upvoted,downvoted,-42
upvoted,upvoted,11
upvoted,downvoted,1
downvoted,downvoted,1
upvoted,downvoted,5
upvoted,upvoted,147
upvoted,upvoted,9
upvoted,upvoted,15
upvoted,downvoted,1
upvoted,upvoted,39
upvoted,upvoted,8
upvoted,downvoted,3
upvoted,upvoted,11
upvoted,upvoted,162
upvoted,upvoted,20
upvoted,downvoted,1
upvoted,upvoted,121
upvoted,upvoted,29
upvoted,upvoted,13
upvoted,downvoted,2
upvoted,downvoted,1
upvoted,upvoted,11
upvoted,downvoted,2
upvoted,downvoted,1
upvoted,downvoted,-24
upvoted,upvoted,60
upvoted,upvoted,12
upvoted,upvoted,136
upvoted,upvoted,11
upvoted,upvoted,10
upvoted,upvoted,31
upvoted,upvoted,17
upvoted,upvoted,7
downvoted,downvoted,1
upvoted,upvoted,79
upvoted,upvoted,27
upvoted,upvoted,9
upvoted,upvoted,8
upvoted,upvoted,116
upvoted,downvoted,2
upvoted,downvoted,4
downvoted,upvoted,26
upvoted,downvoted,4
downvoted,upvoted,91
upvoted,downvoted,4
upvoted,downvoted,4
upvoted,downvoted,4
upvoted,downvoted,1
upvoted,upvoted,9
upvoted,upvoted,24
upvoted,downvoted,3
upvoted,downvoted,2
downvoted,upvoted,303
upvoted,downvoted,3
upvoted,downvoted,3
upvoted,upvoted,35
upvoted,downvoted,1
upvoted,upvoted,35
upvoted,upvoted,62
upvoted,downvoted,5
upvoted,upvoted,110
upvoted,downvoted,1
upvoted,upvoted,49
upvoted,downvoted,-2
upvoted,upvoted,28
upvoted,downvoted,0
upvoted,upvoted,10
upvoted,upvoted,7
downvoted,upvoted,7
upvoted,downvoted,3
upvoted,upvoted,30
upvoted,upvoted,11
upvoted,upvoted,27
upvoted,downvoted,4
upvoted,upvoted,26
upvoted,downvoted,3
upvoted,upvoted,274
upvoted,upvoted,27
upvoted,downvoted,5
upvoted,upvoted,12
upvoted,downvoted,2
upvoted,downvoted,-2
upvoted,upvoted,25
upvoted,upvoted,7
upvoted,downvoted,3
upvoted,upvoted,89
upvoted,downvoted,1
upvoted,downvoted,5
upvoted,downvoted,2
upvoted,upvoted,42
upvoted,upvoted,11
upvoted,downvoted,3
downvoted,upvoted,23
upvoted,downvoted,-5
upvoted,downvoted,1
upvoted,upvoted,6
downvoted,downvoted,2
upvoted,upvoted,1117
upvoted,upvoted,72
upvoted,downvoted,1
upvoted,downvoted,1
upvoted,upvoted,70
upvoted,upvoted,11
upvoted,downvoted,2
upvoted,upvoted,13
upvoted,upvoted,10
upvoted,upvoted,74
upvoted,upvoted,45
upvoted,downvoted,1
upvoted,downvoted,0
upvoted,downvoted,6
upvoted,downvoted,2
upvoted,upvoted,6
upvoted,downvoted,5
upvoted,upvoted,25
upvoted,downvoted,6
upvoted,downvoted,4
upvoted,downvoted,2
upvoted,upvoted,346
upvoted,upvoted,122
upvoted,downvoted,3
upvoted,upvoted,185
upvoted,downvoted,1
upvoted,downvoted,4
upvoted,downvoted,0
upvoted,upvoted,10
upvoted,downvoted,2
upvoted,downvoted,3
upvoted,upvoted,9
upvoted,upvoted,6
upvoted,upvoted,7
upvoted,downvoted,2
upvoted,upvoted,18
upvoted,downvoted,1
upvoted,upvoted,10
upvoted,upvoted,86
upvoted,downvoted,1
upvoted,upvoted,14
upvoted,downvoted,5
upvoted,downvoted,5
upvoted,upvoted,7
upvoted,downvoted,2
upvoted,downvoted,-2
upvoted,downvoted,1
upvoted,downvoted,2
upvoted,upvoted,9
upvoted,downvoted,6
upvoted,downvoted,1
downvoted,downvoted,1
upvoted,upvoted,95
upvoted,upvoted,69
upvoted,downvoted,1
upvoted,downvoted,1
upvoted,upvoted,8
upvoted,upvoted,6
upvoted,downvoted,3
upvoted,upvoted,28
upvoted,downvoted,2
upvoted,upvoted,14
upvoted,downvoted,3
upvoted,upvoted,355
upvoted,downvoted,4
upvoted,upvoted,2498
upvoted,downvoted,2
upvoted,downvoted,4
upvoted,upvoted,17
upvoted,upvoted,32
upvoted,downvoted,3
upvoted,upvoted,826
upvoted,downvoted,1
upvoted,downvoted,2
upvoted,downvoted,5
upvoted,downvoted,4
upvoted,upvoted,253
upvoted,downvoted,2
upvoted,upvoted,292
upvoted,downvoted,2
upvoted,downvoted,3
upvoted,downvoted,1
upvoted,upvoted,15
upvoted,downvoted,1
downvoted,downvoted,1
downvoted,upvoted,9
upvoted,downvoted,5
upvoted,downvoted,2
upvoted,upvoted,13
upvoted,upvoted,6
upvoted,upvoted,7
upvoted,downvoted,1
upvoted,downvoted,1
upvoted,downvoted,1
upvoted,downvoted,-41
upvoted,downvoted,2
upvoted,upvoted,42
upvoted,downvoted,-3
upvoted,downvoted,5
upvoted,upvoted,6
upvoted,upvoted,52
upvoted,upvoted,162
upvoted,downvoted,1
upvoted,upvoted,26
upvoted,downvoted,5
upvoted,downvoted,1
upvoted,upvoted,16
upvoted,upvoted,9
upvoted,downvoted,3
upvoted,upvoted,71
upvoted,downvoted,0
upvoted,downvoted,3
upvoted,downvoted,1
upvoted,downvoted,2
upvoted,upvoted,11
upvoted,upvoted,287
upvoted,downvoted,-25
upvoted,upvoted,8
upvoted,upvoted,45
downvoted,downvoted,1
upvoted,upvoted,33
upvoted,downvoted,4
upvoted,upvoted,17
upvoted,upvoted,15
upvoted,downvoted,1
upvoted,downvoted,3
downvoted,downvoted,1
upvoted,downvoted,-3
downvoted,downvoted,1
downvoted,downvoted,2
upvoted,upvoted,8
upvoted,downvoted,2
upvoted,downvoted,3
downvoted,downvoted,2
upvoted,downvoted,5
upvoted,downvoted,1
upvoted,upvoted,7
upvoted,upvoted,16
upvoted,downvoted,2
upvoted,downvoted,-22
upvoted,downvoted,2
upvoted,downvoted,-11
upvoted,upvoted,17
upvoted,downvoted,1
upvoted,downvoted,5
upvoted,downvoted,6
upvoted,upvoted,20
upvoted,downvoted,3
downvoted,upvoted,15
upvoted,upvoted,170
upvoted,downvoted,1
downvoted,downvoted,1
upvoted,upvoted,55
upvoted,upvoted,12
upvoted,upvoted,8
upvoted,downvoted,0
upvoted,downvoted,1
upvoted,upvoted,18
upvoted,upvoted,291
downvoted,downvoted,1
upvoted,upvoted,43
upvoted,downvoted,4
upvoted,downvoted,1
upvoted,downvoted,1
upvoted,downvoted,2
upvoted,upvoted,15
downvoted,upvoted,44
upvoted,upvoted,187
upvoted,downvoted,3
upvoted,downvoted,6
upvoted,downvoted,5
upvoted,downvoted,1
upvoted,downvoted,3
upvoted,downvoted,3
downvoted,downvoted,1
upvoted,upvoted,12
downvoted,downvoted,2
upvoted,downvoted,5
upvoted,upvoted,15
upvoted,downvoted,3
upvoted,upvoted,10
upvoted,downvoted,1
downvoted,upvoted,185
upvoted,downvoted,2
upvoted,downvoted,-23
upvoted,upvoted,16
upvoted,downvoted,5
upvoted,upvoted,62
upvoted,downvoted,5
upvoted,upvoted,7
upvoted,downvoted,3
downvoted,upvoted,22
upvoted,downvoted,2
upvoted,upvoted,1099
upvoted,upvoted,8
downvoted,downvoted,2
upvoted,downvoted,4
upvoted,downvoted,5
upvoted,upvoted,339
upvoted,upvoted,6
upvoted,downvoted,2
upvoted,upvoted,351
upvoted,upvoted,9
upvoted,downvoted,1
upvoted,upvoted,45
upvoted,downvoted,5
upvoted,upvoted,22
upvoted,upvoted,10
upvoted,downvoted,3
upvoted,downvoted,3
upvoted,upvoted,9
upvoted,upvoted,18
upvoted,upvoted,7
downvoted,upvoted,1046
upvoted,upvoted,9
upvoted,upvoted,8
upvoted,downvoted,0
upvoted,downvoted,3
upvoted,downvoted,2
downvoted,upvoted,172
upvoted,downvoted,5
upvoted,upvoted,27
upvoted,upvoted,23
upvoted,downvoted,2
upvoted,downvoted,0
upvoted,upvoted,10
upvoted,downvoted,2
upvoted,upvoted,40
upvoted,upvoted,39
upvoted,upvoted,41
upvoted,downvoted,1
upvoted,downvoted,5
upvoted,downvoted,1
upvoted,downvoted,1
upvoted,downvoted,1
upvoted,downvoted,3
upvoted,upvoted,20
upvoted,upvoted,626
upvoted,downvoted,1
downvoted,downvoted,2
upvoted,upvoted,21
upvoted,upvoted,13
upvoted,upvoted,54
upvoted,upvoted,9
upvoted,upvoted,6
upvoted,upvoted,12
upvoted,upvoted,8
upvoted,downvoted,1
upvoted,upvoted,27
downvoted,downvoted,3
upvoted,downvoted,3
upvoted,downvoted,3
downvoted,downvoted,1
upvoted,downvoted,2
upvoted,downvoted,3
upvoted,upvoted,93
upvoted,upvoted,21
upvoted,upvoted,9
upvoted,downvoted,1
upvoted,downvoted,3
downvoted,downvoted,5
upvoted,upvoted,36
upvoted,downvoted,4
upvoted,downvoted,3
downvoted,downvoted,1
upvoted,upvoted,262
upvoted,downvoted,1
upvoted,upvoted,6
upvoted,downvoted,1
upvoted,downvoted,6
upvoted,upvoted,18
upvoted,upvoted,322
upvoted,downvoted,2
upvoted,upvoted,249
upvoted,upvoted,10
upvoted,downvoted,1
upvoted,upvoted,29
downvoted,downvoted,1
downvoted,upvoted,12
upvoted,upvoted,25
downvoted,downvoted,2
upvoted,upvoted,8
upvoted,downvoted,2
upvoted,downvoted,5
upvoted,downvoted,2
upvoted,upvoted,163
upvoted,upvoted,1650
downvoted,downvoted,1
upvoted,upvoted,23
upvoted,downvoted,2
upvoted,upvoted,371
upvoted,downvoted,4
upvoted,upvoted,11
upvoted,upvoted,52
upvoted,downvoted,-11
upvoted,upvoted,1805
upvoted,upvoted,85
upvoted,downvoted,4
upvoted,upvoted,10
upvoted,downvoted,1
upvoted,upvoted,31
upvoted,downvoted,2
upvoted,upvoted,111
upvoted,downvoted,-1
upvoted,downvoted,2
upvoted,upvoted,10
upvoted,downvoted,1
upvoted,upvoted,11
upvoted,downvoted,1
upvoted,downvoted,1
upvoted,downvoted,1
upvoted,downvoted,1
upvoted,downvoted,0
upvoted,downvoted,2
upvoted,downvoted,4
upvoted,downvoted,1
upvoted,downvoted,2
upvoted,upvoted,46
downvoted,upvoted,57
upvoted,downvoted,3
upvoted,downvoted,2
upvoted,upvoted,3829
upvoted,downvoted,2
upvoted,downvoted,3
upvoted,upvoted,37
upvoted,upvoted,28
upvoted,downvoted,4
upvoted,upvoted,67
upvoted,upvoted,14
upvoted,downvoted,1
upvoted,upvoted,74
upvoted,downvoted,1
upvoted,upvoted,38
upvoted,downvoted,3
upvoted,downvoted,2
upvoted,upvoted,29
upvoted,downvoted,3
upvoted,upvoted,14
upvoted,downvoted,2
upvoted,downvoted,1
upvoted,downvoted,1
upvoted,upvoted,8
upvoted,downvoted,1
upvoted,upvoted,29
upvoted,upvoted,1431
upvoted,upvoted,20
upvoted,upvoted,24
upvoted,upvoted,191
upvoted,downvoted,2
upvoted,upvoted,8
upvoted,downvoted,2
upvoted,upvoted,29
upvoted,downvoted,3
upvoted,downvoted,1
upvoted,upvoted,43
upvoted,downvoted,1
upvoted,upvoted,25
downvoted,upvoted,8
upvoted,downvoted,3
upvoted,upvoted,7
upvoted,upvoted,6
upvoted,upvoted,86
upvoted,downvoted,5
upvoted,upvoted,14
upvoted,upvoted,28
upvoted,downvoted,2
upvoted,upvoted,112
upvoted,downvoted,2
downvoted,downvoted,1
upvoted,upvoted,20
upvoted,upvoted,78
upvoted,upvoted,8
downvoted,downvoted,2
upvoted,downvoted,1
upvoted,upvoted,18
upvoted,downvoted,1
upvoted,upvoted,437
upvoted,upvoted,10
upvoted,upvoted,28
upvoted,downvoted,2
upvoted,downvoted,4
upvoted,downvoted,1
upvoted,upvoted,304
upvoted,upvoted,112
upvoted,downvoted,2
upvoted,upvoted,27
upvoted,downvoted,3
upvoted,downvoted,3
upvoted,upvoted,66
upvoted,downvoted,6
upvoted,downvoted,-1
upvoted,downvoted,0
upvoted,downvoted,1
upvoted,upvoted,40
upvoted,upvoted,18
upvoted,downvoted,4
upvoted,upvoted,16
upvoted,upvoted,11
upvoted,upvoted,26
upvoted,downvoted,1
upvoted,downvoted,1
downvoted,upvoted,13
upvoted,upvoted,10
upvoted,downvoted,3
upvoted,downvoted,2
upvoted,upvoted,211
upvoted,upvoted,13
upvoted,upvoted,29
upvoted,upvoted,19
upvoted,upvoted,18
upvoted,downvoted,1
upvoted,downvoted,2
upvoted,downvoted,1
upvoted,downvoted,6
upvoted,downvoted,1
upvoted,downvoted,1
upvoted,downvoted,3
upvoted,upvoted,26
upvoted,downvoted,-1
upvoted,downvoted,1
upvoted,upvoted,8
upvoted,downvoted,3
upvoted,downvoted,5
upvoted,downvoted,4
upvoted,upvoted,222
upvoted,downvoted,5
upvoted,downvoted,1
upvoted,downvoted,4
upvoted,upvoted,9
upvoted,downvoted,1
upvoted,downvoted,1
upvoted,upvoted,70
upvoted,upvoted,11
downvoted,upvoted,27
upvoted,downvoted,2
upvoted,upvoted,7
upvoted,upvoted,105
upvoted,downvoted,2
upvoted,upvoted,139
upvoted,upvoted,15
upvoted,downvoted,3
upvoted,downvoted,1
upvoted,upvoted,7
upvoted,downvoted,1
upvoted,upvoted,8
upvoted,downvoted,4
upvoted,upvoted,12
upvoted,upvoted,9
upvoted,upvoted,29
upvoted,upvoted,189
upvoted,upvoted,29
upvoted,downvoted,2
upvoted,downvoted,4
upvoted,upvoted,20
upvoted,upvoted,243
upvoted,downvoted,2
upvoted,downvoted,1
upvoted,upvoted,62
upvoted,downvoted,2
upvoted,downvoted,1
upvoted,downvoted,6
upvoted,downvoted,1
upvoted,upvoted,182
downvoted,upvoted,48
upvoted,downvoted,3
upvoted,upvoted,6
upvoted,downvoted,2
upvoted,downvoted,0
upvoted,downvoted,3
upvoted,upvoted,1728
upvoted,upvoted,167
upvoted,downvoted,6
upvoted,upvoted,232
upvoted,upvoted,16
upvoted,upvoted,25
upvoted,downvoted,2
upvoted,upvoted,23
upvoted,upvoted,29
upvoted,downvoted,2
upvoted,downvoted,6
upvoted,upvoted,11
downvoted,downvoted,1
upvoted,downvoted,2
upvoted,downvoted,1
upvoted,downvoted,2
upvoted,upvoted,15
upvoted,downvoted,3
upvoted,upvoted,742
upvoted,upvoted,80
upvoted,downvoted,2
upvoted,downvoted,3
upvoted,downvoted,5
upvoted,upvoted,34
upvoted,downvoted,-2
upvoted,downvoted,-6
upvoted,downvoted,2
downvoted,downvoted,3
upvoted,upvoted,14
upvoted,downvoted,3
upvoted,upvoted,203
upvoted,upvoted,8
upvoted,downvoted,3
upvoted,downvoted,2
upvoted,downvoted,3
upvoted,downvoted,2
upvoted,upvoted,8
upvoted,downvoted,1
upvoted,upvoted,51
upvoted,downvoted,4
upvoted,upvoted,6
upvoted,upvoted,321
upvoted,downvoted,2
