Downvoted,Downvoted,-23
Downvoted,Downvoted,-19
Downvoted,Downvoted,-18
Downvoted,Downvoted,-17
Downvoted,Downvoted,-17
Downvoted,Downvoted,-16
Downvoted,Downvoted,-15
Downvoted,Downvoted,-13
Downvoted,Downvoted,-12
Downvoted,Downvoted,-11
Downvoted,Downvoted,-11
Downvoted,Downvoted,-10
Downvoted,Downvoted,-10
Downvoted,Downvoted,-9
Upvoted,Downvoted,-9
Downvoted,Downvoted,-9
Downvoted,Downvoted,-9
Downvoted,Downvoted,-8
Downvoted,Downvoted,-8
Downvoted,Downvoted,-8
Downvoted,Downvoted,-7
Downvoted,Downvoted,-6
Downvoted,Downvoted,-6
Downvoted,Downvoted,-6
Downvoted,Downvoted,-5
Downvoted,Downvoted,-5
Downvoted,Downvoted,-5
Downvoted,Downvoted,-5
Downvoted,Downvoted,-5
Downvoted,Downvoted,-5
Downvoted,Downvoted,-5
Downvoted,Downvoted,-5
Downvoted,Downvoted,-4
Downvoted,Downvoted,-4
Downvoted,Downvoted,-4
Downvoted,Downvoted,-4
Downvoted,Downvoted,-4
Downvoted,Downvoted,-3
Downvoted,Downvoted,-3
Downvoted,Downvoted,-3
Downvoted,Downvoted,-3
Downvoted,Downvoted,-3
Downvoted,Downvoted,-3
Downvoted,Downvoted,-3
Downvoted,Downvoted,-2
Downvoted,Downvoted,-2
Downvoted,Downvoted,-2
Downvoted,Downvoted,-2
Downvoted,Downvoted,-2
Downvoted,Downvoted,-2
Downvoted,Downvoted,-2
Downvoted,Downvoted,-2
Downvoted,Downvoted,-1
Downvoted,Downvoted,-1
Downvoted,Downvoted,-1
Downvoted,Downvoted,-1
Downvoted,Downvoted,-1
Downvoted,Downvoted,-1
Downvoted,Downvoted,-1
Upvoted,Downvoted,-1
Downvoted,Downvoted,-1
Downvoted,Downvoted,-1
Downvoted,Downvoted,-1
Upvoted,Downvoted,-1
Downvoted,Downvoted,0
Downvoted,Downvoted,0
Downvoted,Downvoted,0
Downvoted,Downvoted,0
Downvoted,Downvoted,0
Upvoted,Downvoted,0
Downvoted,Downvoted,0
Upvoted,Downvoted,0
Downvoted,Downvoted,0
Downvoted,Downvoted,0
Downvoted,Downvoted,0
Downvoted,Downvoted,0
Downvoted,Downvoted,0
Downvoted,Downvoted,0
Downvoted,Downvoted,0
Downvoted,Downvoted,0
Downvoted,Downvoted,0
Downvoted,Downvoted,0
Downvoted,Downvoted,0
Downvoted,Downvoted,0
Downvoted,Downvoted,0
Downvoted,Downvoted,1
Downvoted,Downvoted,1
Downvoted,Downvoted,1
Downvoted,Downvoted,1
Downvoted,Downvoted,1
Downvoted,Downvoted,1
Downvoted,Downvoted,1
Downvoted,Downvoted,1
Downvoted,Downvoted,1
Downvoted,Downvoted,1
Downvoted,Downvoted,1
Downvoted,Downvoted,1
Downvoted,Downvoted,1
Downvoted,Downvoted,1
Downvoted,Downvoted,1
Downvoted,Downvoted,1
Downvoted,Downvoted,1
Downvoted,Downvoted,1
Downvoted,Downvoted,1
Downvoted,Downvoted,1
Downvoted,Downvoted,1
Upvoted,Downvoted,1
Downvoted,Downvoted,1
Downvoted,Downvoted,1
Downvoted,Downvoted,1
Downvoted,Downvoted,1
Downvoted,Downvoted,1
Downvoted,Downvoted,1
Downvoted,Downvoted,1
Downvoted,Downvoted,1
Downvoted,Downvoted,1
Downvoted,Downvoted,1
Downvoted,Downvoted,1
Downvoted,Downvoted,1
Downvoted,Downvoted,1
Downvoted,Downvoted,1
Downvoted,Downvoted,1
Downvoted,Downvoted,1
Downvoted,Downvoted,1
Downvoted,Downvoted,1
Downvoted,Downvoted,1
Downvoted,Downvoted,1
Downvoted,Downvoted,1
Downvoted,Downvoted,1
Downvoted,Downvoted,1
Downvoted,Downvoted,1
Upvoted,Downvoted,1
Downvoted,Downvoted,1
Downvoted,Downvoted,1
Downvoted,Downvoted,1
Downvoted,Downvoted,1
Downvoted,Downvoted,1
Downvoted,Downvoted,1
Downvoted,Downvoted,1
Downvoted,Downvoted,1
Downvoted,Downvoted,1
Downvoted,Downvoted,1
Downvoted,Downvoted,1
Downvoted,Downvoted,1
Downvoted,Downvoted,1
Downvoted,Downvoted,1
Downvoted,Downvoted,1
Downvoted,Downvoted,1
Downvoted,Downvoted,1
Downvoted,Downvoted,1
Downvoted,Downvoted,1
Downvoted,Downvoted,1
Downvoted,Downvoted,1
Upvoted,Downvoted,1
Upvoted,Downvoted,1
Downvoted,Downvoted,1
Upvoted,Downvoted,1
Downvoted,Downvoted,1
Downvoted,Downvoted,1
Downvoted,Downvoted,1
Downvoted,Downvoted,1
Downvoted,Downvoted,1
Downvoted,Downvoted,1
Downvoted,Downvoted,1
Downvoted,Downvoted,1
Downvoted,Downvoted,1
Downvoted,Downvoted,1
Downvoted,Downvoted,1
Downvoted,Downvoted,1
Downvoted,Downvoted,1
Downvoted,Downvoted,1
Downvoted,Downvoted,1
Downvoted,Downvoted,1
Downvoted,Downvoted,1
Downvoted,Downvoted,1
Upvoted,Downvoted,1
Downvoted,Downvoted,1
Downvoted,Downvoted,1
Downvoted,Downvoted,1
Downvoted,Downvoted,1
Downvoted,Downvoted,1
Downvoted,Downvoted,1
Downvoted,Downvoted,1
Downvoted,Downvoted,1
Downvoted,Downvoted,1
Downvoted,Downvoted,1
Downvoted,Downvoted,1
Upvoted,Downvoted,1
Downvoted,Downvoted,1
Upvoted,Downvoted,2
Downvoted,Downvoted,2
Downvoted,Downvoted,2
Downvoted,Downvoted,2
Downvoted,Downvoted,2
Downvoted,Downvoted,2
Downvoted,Downvoted,2
Downvoted,Downvoted,2
Upvoted,Downvoted,2
Downvoted,Downvoted,2
Downvoted,Downvoted,2
Downvoted,Downvoted,2
Downvoted,Downvoted,2
Downvoted,Downvoted,2
Downvoted,Downvoted,2
Downvoted,Downvoted,2
Downvoted,Downvoted,2
Downvoted,Downvoted,2
Downvoted,Downvoted,2
Downvoted,Downvoted,2
Downvoted,Downvoted,2
Downvoted,Downvoted,2
Downvoted,Downvoted,2
Downvoted,Downvoted,2
Downvoted,Downvoted,2
Downvoted,Downvoted,2
Downvoted,Downvoted,2
Upvoted,Downvoted,2
Downvoted,Downvoted,2
Downvoted,Downvoted,2
Downvoted,Downvoted,2
Downvoted,Downvoted,2
Downvoted,Downvoted,2
Downvoted,Downvoted,2
Upvoted,Downvoted,2
Downvoted,Downvoted,2
Downvoted,Downvoted,2
Downvoted,Downvoted,2
Downvoted,Downvoted,2
Downvoted,Downvoted,2
Downvoted,Downvoted,2
Downvoted,Downvoted,2
Downvoted,Downvoted,2
Downvoted,Downvoted,2
Downvoted,Downvoted,2
Downvoted,Downvoted,2
Downvoted,Downvoted,2
Downvoted,Downvoted,2
Downvoted,Downvoted,2
Downvoted,Downvoted,2
Downvoted,Downvoted,2
Downvoted,Downvoted,2
Downvoted,Downvoted,2
Downvoted,Downvoted,2
Downvoted,Downvoted,2
Downvoted,Downvoted,2
Downvoted,Downvoted,2
Downvoted,Downvoted,2
Downvoted,Downvoted,2
Downvoted,Downvoted,2
Downvoted,Downvoted,2
Upvoted,Downvoted,2
Downvoted,Downvoted,2
Downvoted,Downvoted,2
Downvoted,Downvoted,2
Downvoted,Downvoted,2
Downvoted,Downvoted,2
Downvoted,Downvoted,2
Downvoted,Downvoted,2
Upvoted,Downvoted,2
Downvoted,Downvoted,2
Downvoted,Downvoted,2
Downvoted,Downvoted,2
Downvoted,Downvoted,2
Downvoted,Downvoted,2
Downvoted,Downvoted,2
Downvoted,Downvoted,2
Downvoted,Downvoted,2
Upvoted,Downvoted,2
Downvoted,Downvoted,2
Downvoted,Downvoted,2
Downvoted,Downvoted,2
Downvoted,Downvoted,2
Downvoted,Downvoted,2
Downvoted,Downvoted,2
Downvoted,Downvoted,2
Downvoted,Downvoted,2
Downvoted,Downvoted,2
Downvoted,Downvoted,2
Downvoted,Downvoted,2
Downvoted,Downvoted,2
Upvoted,Downvoted,2
Downvoted,Downvoted,2
Downvoted,Downvoted,2
Downvoted,Downvoted,2
Downvoted,Downvoted,2
Downvoted,Downvoted,2
Downvoted,Downvoted,2
Downvoted,Downvoted,2
Downvoted,Downvoted,2
Downvoted,Downvoted,2
Downvoted,Downvoted,2
Downvoted,Downvoted,2
Downvoted,Downvoted,2
Downvoted,Downvoted,2
Downvoted,Downvoted,2
Downvoted,Downvoted,2
Downvoted,Downvoted,2
Downvoted,Downvoted,2
Downvoted,Downvoted,2
Downvoted,Downvoted,2
Downvoted,Downvoted,2
Downvoted,Downvoted,2
Downvoted,Downvoted,2
Upvoted,Downvoted,2
Downvoted,Downvoted,2
Downvoted,Downvoted,2
Upvoted,Downvoted,2
Downvoted,Downvoted,2
Downvoted,Downvoted,2
Downvoted,Downvoted,2
Downvoted,Downvoted,2
Downvoted,Downvoted,2
Downvoted,Downvoted,2
Downvoted,Downvoted,2
Downvoted,Downvoted,2
Downvoted,Downvoted,2
Downvoted,Downvoted,2
Downvoted,Downvoted,2
Downvoted,Downvoted,2
Downvoted,Downvoted,2
Downvoted,Downvoted,2
Downvoted,Downvoted,2
Downvoted,Downvoted,2
Downvoted,Downvoted,2
Downvoted,Downvoted,2
Upvoted,Downvoted,2
Downvoted,Downvoted,2
Downvoted,Downvoted,2
Downvoted,Downvoted,2
Upvoted,Downvoted,2
Downvoted,Downvoted,2
Upvoted,Downvoted,2
Downvoted,Downvoted,2
Upvoted,Downvoted,2
Downvoted,Downvoted,2
Downvoted,Downvoted,2
Downvoted,Downvoted,2
Downvoted,Downvoted,2
Downvoted,Downvoted,2
Downvoted,Downvoted,2
Downvoted,Downvoted,2
Downvoted,Downvoted,2
Upvoted,Downvoted,2
Downvoted,Downvoted,2
Downvoted,Downvoted,2
Downvoted,Downvoted,2
Downvoted,Downvoted,2
Downvoted,Downvoted,2
Downvoted,Downvoted,2
Downvoted,Downvoted,2
Downvoted,Downvoted,2
Downvoted,Downvoted,2
Downvoted,Downvoted,2
Downvoted,Downvoted,2
Downvoted,Downvoted,2
Downvoted,Downvoted,2
Upvoted,Downvoted,2
Downvoted,Downvoted,2
Downvoted,Downvoted,2
Downvoted,Downvoted,2
Downvoted,Downvoted,2
Downvoted,Downvoted,2
Downvoted,Downvoted,2
Downvoted,Downvoted,2
Downvoted,Downvoted,2
Downvoted,Downvoted,2
Downvoted,Downvoted,2
Downvoted,Downvoted,2
Downvoted,Downvoted,2
Downvoted,Downvoted,2
Downvoted,Downvoted,2
Downvoted,Downvoted,2
Downvoted,Downvoted,2
Downvoted,Downvoted,2
Downvoted,Downvoted,2
Downvoted,Downvoted,2
Downvoted,Downvoted,2
Downvoted,Downvoted,2
Downvoted,Downvoted,2
Downvoted,Downvoted,2
Downvoted,Downvoted,2
Downvoted,Downvoted,2
Downvoted,Downvoted,2
Downvoted,Downvoted,2
Downvoted,Downvoted,2
Downvoted,Downvoted,2
Downvoted,Downvoted,2
Downvoted,Downvoted,2
Upvoted,Downvoted,2
Downvoted,Downvoted,3
Downvoted,Downvoted,3
Upvoted,Downvoted,3
Downvoted,Downvoted,3
Downvoted,Downvoted,3
Downvoted,Downvoted,3
Downvoted,Downvoted,3
Downvoted,Downvoted,3
Downvoted,Downvoted,3
Downvoted,Downvoted,3
Downvoted,Downvoted,3
Downvoted,Downvoted,3
Downvoted,Downvoted,3
Downvoted,Downvoted,3
Downvoted,Downvoted,3
Downvoted,Downvoted,3
Downvoted,Downvoted,3
Downvoted,Downvoted,3
Downvoted,Downvoted,3
Downvoted,Downvoted,3
Downvoted,Downvoted,3
Downvoted,Downvoted,3
Downvoted,Downvoted,3
Downvoted,Downvoted,3
Downvoted,Downvoted,3
Downvoted,Downvoted,3
Downvoted,Downvoted,3
Downvoted,Downvoted,3
Downvoted,Downvoted,3
Downvoted,Downvoted,3
Downvoted,Downvoted,3
Downvoted,Downvoted,3
Downvoted,Downvoted,3
Downvoted,Downvoted,3
Downvoted,Downvoted,3
Downvoted,Downvoted,3
Downvoted,Downvoted,3
Downvoted,Downvoted,3
Downvoted,Downvoted,3
Downvoted,Downvoted,3
Downvoted,Downvoted,3
Downvoted,Downvoted,3
Downvoted,Downvoted,3
Downvoted,Downvoted,3
Downvoted,Downvoted,3
Downvoted,Downvoted,3
Downvoted,Downvoted,3
Downvoted,Downvoted,3
Downvoted,Downvoted,3
Downvoted,Downvoted,3
Downvoted,Downvoted,3
Downvoted,Downvoted,3
Downvoted,Downvoted,3
Downvoted,Downvoted,3
Downvoted,Downvoted,3
Downvoted,Downvoted,3
Upvoted,Downvoted,3
Downvoted,Downvoted,3
Upvoted,Downvoted,3
Downvoted,Downvoted,3
Downvoted,Downvoted,3
Downvoted,Downvoted,3
Downvoted,Downvoted,3
Downvoted,Downvoted,3
Downvoted,Downvoted,3
Downvoted,Downvoted,3
Downvoted,Downvoted,3
Downvoted,Downvoted,3
Downvoted,Downvoted,3
Downvoted,Downvoted,3
Downvoted,Downvoted,3
Downvoted,Downvoted,3
Downvoted,Downvoted,3
Downvoted,Downvoted,3
Downvoted,Downvoted,3
Downvoted,Downvoted,3
Upvoted,Downvoted,3
Downvoted,Downvoted,3
Downvoted,Downvoted,3
Downvoted,Downvoted,3
Upvoted,Downvoted,3
Downvoted,Downvoted,3
Downvoted,Downvoted,3
Upvoted,Downvoted,3
Downvoted,Downvoted,3
Downvoted,Downvoted,3
Upvoted,Downvoted,3
Downvoted,Downvoted,3
Downvoted,Downvoted,3
Downvoted,Downvoted,3
Downvoted,Downvoted,3
Downvoted,Downvoted,3
Downvoted,Downvoted,3
Downvoted,Downvoted,3
Downvoted,Downvoted,3
Downvoted,Downvoted,3
Downvoted,Downvoted,3
Downvoted,Downvoted,3
Downvoted,Downvoted,3
Downvoted,Downvoted,3
Upvoted,Downvoted,3
Downvoted,Downvoted,3
Downvoted,Downvoted,3
Downvoted,Downvoted,3
Downvoted,Downvoted,3
Downvoted,Downvoted,3
Upvoted,Downvoted,3
Downvoted,Downvoted,3
Downvoted,Downvoted,3
Downvoted,Downvoted,3
Upvoted,Downvoted,3
Upvoted,Downvoted,3
Downvoted,Downvoted,3
Downvoted,Downvoted,3
Downvoted,Downvoted,3
Downvoted,Downvoted,3
Downvoted,Downvoted,3
Downvoted,Downvoted,3
Downvoted,Downvoted,3
Downvoted,Downvoted,3
Downvoted,Downvoted,3
Downvoted,Downvoted,3
Downvoted,Downvoted,3
Downvoted,Downvoted,3
Downvoted,Downvoted,3
Downvoted,Downvoted,3
Downvoted,Downvoted,3
Downvoted,Downvoted,3
Downvoted,Downvoted,3
Downvoted,Downvoted,3
Downvoted,Downvoted,3
Downvoted,Downvoted,3
Downvoted,Downvoted,3
Downvoted,Downvoted,3
Downvoted,Downvoted,3
Upvoted,Downvoted,3
Downvoted,Downvoted,3
Downvoted,Downvoted,3
Downvoted,Downvoted,3
Downvoted,Downvoted,3
Downvoted,Downvoted,3
Downvoted,Downvoted,3
Downvoted,Downvoted,3
Downvoted,Downvoted,3
Downvoted,Downvoted,3
Downvoted,Downvoted,3
Downvoted,Downvoted,3
Downvoted,Downvoted,3
Downvoted,Downvoted,3
Downvoted,Downvoted,3
Downvoted,Downvoted,3
Downvoted,Downvoted,3
Upvoted,Downvoted,3
Downvoted,Downvoted,3
Downvoted,Downvoted,3
Downvoted,Downvoted,3
Downvoted,Downvoted,3
Downvoted,Downvoted,3
Downvoted,Downvoted,3
Downvoted,Downvoted,3
Upvoted,Downvoted,3
Downvoted,Downvoted,3
Downvoted,Downvoted,3
Downvoted,Downvoted,3
Downvoted,Downvoted,3
Downvoted,Downvoted,3
Downvoted,Downvoted,3
Downvoted,Downvoted,3
Downvoted,Downvoted,3
Downvoted,Downvoted,3
Downvoted,Downvoted,3
Upvoted,Downvoted,3
Downvoted,Downvoted,3
Downvoted,Downvoted,3
Downvoted,Downvoted,3
Downvoted,Downvoted,3
Downvoted,Downvoted,3
Downvoted,Downvoted,3
Downvoted,Downvoted,3
Downvoted,Downvoted,3
Downvoted,Downvoted,3
Downvoted,Downvoted,3
Downvoted,Downvoted,3
Downvoted,Downvoted,3
Downvoted,Downvoted,3
Upvoted,Downvoted,3
Downvoted,Downvoted,3
Downvoted,Downvoted,3
Downvoted,Downvoted,3
Upvoted,Downvoted,3
Downvoted,Downvoted,3
Downvoted,Downvoted,3
Downvoted,Downvoted,3
Downvoted,Downvoted,3
Downvoted,Downvoted,3
Downvoted,Downvoted,3
Upvoted,Downvoted,3
Downvoted,Downvoted,3
Downvoted,Downvoted,3
Downvoted,Downvoted,3
Downvoted,Downvoted,3
Downvoted,Downvoted,3
Downvoted,Downvoted,3
Downvoted,Downvoted,3
Downvoted,Downvoted,3
Downvoted,Downvoted,3
Downvoted,Downvoted,3
Downvoted,Downvoted,3
Downvoted,Downvoted,3
Downvoted,Downvoted,3
Downvoted,Downvoted,3
Downvoted,Downvoted,3
Downvoted,Downvoted,3
Downvoted,Downvoted,4
Upvoted,Downvoted,4
Downvoted,Downvoted,4
Downvoted,Downvoted,4
Downvoted,Downvoted,4
Downvoted,Downvoted,4
Downvoted,Downvoted,4
Downvoted,Downvoted,4
Downvoted,Downvoted,4
Downvoted,Downvoted,4
Downvoted,Downvoted,4
Upvoted,Downvoted,4
Downvoted,Downvoted,4
Downvoted,Downvoted,4
Downvoted,Downvoted,4
Downvoted,Downvoted,4
Downvoted,Downvoted,4
Downvoted,Downvoted,4
Downvoted,Downvoted,4
Downvoted,Downvoted,4
Downvoted,Downvoted,4
Downvoted,Downvoted,4
Downvoted,Downvoted,4
Downvoted,Downvoted,4
Upvoted,Downvoted,4
Upvoted,Downvoted,4
Downvoted,Downvoted,4
Downvoted,Downvoted,4
Downvoted,Downvoted,4
Downvoted,Downvoted,4
Downvoted,Downvoted,4
Upvoted,Downvoted,4
Downvoted,Downvoted,4
Downvoted,Downvoted,4
Downvoted,Downvoted,4
Upvoted,Downvoted,4
Upvoted,Downvoted,4
Downvoted,Downvoted,4
Downvoted,Downvoted,4
Upvoted,Downvoted,4
Upvoted,Downvoted,4
Downvoted,Downvoted,4
Downvoted,Downvoted,4
Downvoted,Downvoted,4
Downvoted,Downvoted,4
Downvoted,Downvoted,4
Downvoted,Downvoted,4
Downvoted,Downvoted,4
Downvoted,Downvoted,4
Downvoted,Downvoted,4
Downvoted,Downvoted,4
Upvoted,Downvoted,4
Downvoted,Downvoted,4
Downvoted,Downvoted,4
Downvoted,Downvoted,4
Downvoted,Downvoted,4
Downvoted,Downvoted,4
Downvoted,Downvoted,4
Downvoted,Downvoted,4
Downvoted,Downvoted,4
Downvoted,Downvoted,4
Downvoted,Downvoted,4
Downvoted,Downvoted,4
Downvoted,Downvoted,4
Downvoted,Downvoted,4
Downvoted,Downvoted,4
Downvoted,Downvoted,4
Downvoted,Downvoted,4
Downvoted,Downvoted,4
Downvoted,Downvoted,4
Downvoted,Downvoted,4
Downvoted,Downvoted,4
Downvoted,Downvoted,4
Downvoted,Downvoted,4
Downvoted,Downvoted,4
Downvoted,Downvoted,4
Downvoted,Downvoted,4
Downvoted,Downvoted,4
Downvoted,Downvoted,4
Downvoted,Downvoted,4
Downvoted,Downvoted,4
Downvoted,Downvoted,4
Downvoted,Downvoted,4
Downvoted,Downvoted,4
Downvoted,Downvoted,4
Downvoted,Downvoted,4
Downvoted,Downvoted,4
Downvoted,Downvoted,4
Downvoted,Downvoted,4
Downvoted,Downvoted,4
Downvoted,Downvoted,4
Downvoted,Downvoted,4
Downvoted,Downvoted,4
Downvoted,Downvoted,4
Downvoted,Downvoted,4
Downvoted,Downvoted,4
Downvoted,Downvoted,4
Downvoted,Downvoted,4
Downvoted,Downvoted,4
Downvoted,Downvoted,4
Downvoted,Downvoted,4
Downvoted,Downvoted,4
Downvoted,Downvoted,4
Downvoted,Downvoted,4
Downvoted,Downvoted,4
Downvoted,Downvoted,4
Downvoted,Downvoted,4
Downvoted,Downvoted,4
Downvoted,Downvoted,4
Downvoted,Downvoted,4
Downvoted,Downvoted,4
Downvoted,Downvoted,4
Downvoted,Downvoted,4
Downvoted,Downvoted,4
Upvoted,Downvoted,4
Downvoted,Downvoted,4
Downvoted,Downvoted,4
Downvoted,Downvoted,4
Upvoted,Downvoted,4
Downvoted,Downvoted,4
Downvoted,Downvoted,4
Downvoted,Downvoted,4
Downvoted,Downvoted,4
Downvoted,Downvoted,4
Downvoted,Downvoted,4
Downvoted,Downvoted,4
Downvoted,Downvoted,4
Downvoted,Downvoted,4
Downvoted,Downvoted,4
Downvoted,Downvoted,4
Downvoted,Downvoted,4
Downvoted,Downvoted,4
Downvoted,Downvoted,4
Downvoted,Downvoted,4
Downvoted,Downvoted,4
Downvoted,Downvoted,4
Downvoted,Downvoted,4
Downvoted,Downvoted,4
Downvoted,Downvoted,4
Downvoted,Downvoted,4
Downvoted,Downvoted,4
Downvoted,Downvoted,4
Downvoted,Downvoted,4
Downvoted,Downvoted,4
Downvoted,Downvoted,5
Downvoted,Downvoted,5
Upvoted,Downvoted,5
Downvoted,Downvoted,5
Downvoted,Downvoted,5
Downvoted,Downvoted,5
Downvoted,Downvoted,5
Downvoted,Downvoted,5
Downvoted,Downvoted,5
Downvoted,Downvoted,5
Downvoted,Downvoted,5
Downvoted,Downvoted,5
Downvoted,Downvoted,5
Downvoted,Downvoted,5
Downvoted,Downvoted,5
Downvoted,Downvoted,5
Downvoted,Downvoted,5
Downvoted,Downvoted,5
Downvoted,Downvoted,5
Downvoted,Downvoted,5
Upvoted,Downvoted,5
Downvoted,Downvoted,5
Downvoted,Downvoted,5
Upvoted,Downvoted,5
Downvoted,Downvoted,5
Downvoted,Downvoted,5
Downvoted,Downvoted,5
Downvoted,Downvoted,5
Downvoted,Downvoted,5
Downvoted,Downvoted,5
Downvoted,Downvoted,5
Downvoted,Downvoted,5
Downvoted,Downvoted,5
Downvoted,Downvoted,5
Downvoted,Downvoted,5
Downvoted,Downvoted,5
Downvoted,Downvoted,5
Downvoted,Downvoted,5
Downvoted,Downvoted,5
Downvoted,Downvoted,5
Downvoted,Downvoted,5
Downvoted,Downvoted,5
Downvoted,Downvoted,5
Downvoted,Downvoted,5
Downvoted,Downvoted,5
Downvoted,Downvoted,5
Upvoted,Downvoted,5
Downvoted,Downvoted,5
Downvoted,Downvoted,5
Downvoted,Downvoted,5
Downvoted,Downvoted,5
Downvoted,Downvoted,5
Downvoted,Downvoted,5
Downvoted,Downvoted,5
Downvoted,Downvoted,5
Downvoted,Downvoted,5
Downvoted,Downvoted,5
Upvoted,Downvoted,5
Downvoted,Downvoted,5
Downvoted,Downvoted,5
Downvoted,Downvoted,5
Downvoted,Downvoted,5
Downvoted,Downvoted,5
Downvoted,Downvoted,5
Downvoted,Downvoted,5
Downvoted,Downvoted,5
Downvoted,Downvoted,5
Downvoted,Downvoted,5
Downvoted,Downvoted,5
Downvoted,Downvoted,5
Downvoted,Downvoted,5
Downvoted,Downvoted,5
Downvoted,Downvoted,5
Downvoted,Downvoted,5
Downvoted,Downvoted,5
Downvoted,Downvoted,5
Downvoted,Downvoted,5
Downvoted,Downvoted,5
Downvoted,Downvoted,5
Upvoted,Downvoted,5
Downvoted,Downvoted,5
Downvoted,Downvoted,5
Downvoted,Downvoted,5
Downvoted,Downvoted,5
Downvoted,Downvoted,5
Downvoted,Downvoted,5
Downvoted,Downvoted,5
Downvoted,Downvoted,5
Downvoted,Downvoted,5
Downvoted,Downvoted,5
Upvoted,Downvoted,5
Downvoted,Downvoted,5
Downvoted,Downvoted,5
Downvoted,Downvoted,5
Downvoted,Downvoted,5
Downvoted,Downvoted,5
Downvoted,Downvoted,5
Downvoted,Downvoted,5
Downvoted,Downvoted,5
Downvoted,Downvoted,5
Downvoted,Downvoted,5
Upvoted,Downvoted,5
Downvoted,Downvoted,5
Downvoted,Downvoted,5
Downvoted,Downvoted,5
Downvoted,Downvoted,5
Downvoted,Downvoted,5
Downvoted,Downvoted,5
Downvoted,Downvoted,5
Downvoted,Downvoted,5
Downvoted,Downvoted,5
Downvoted,Downvoted,5
Downvoted,Downvoted,5
Downvoted,Downvoted,5
Downvoted,Downvoted,5
Downvoted,Downvoted,5
Downvoted,Downvoted,5
Downvoted,Downvoted,5
Downvoted,Downvoted,5
Downvoted,Downvoted,5
Downvoted,Downvoted,5
Downvoted,Downvoted,5
Downvoted,Downvoted,5
Downvoted,Downvoted,5
Downvoted,Downvoted,5
Upvoted,Downvoted,5
Downvoted,Downvoted,5
Downvoted,Downvoted,5
Downvoted,Downvoted,5
Downvoted,Downvoted,5
Downvoted,Downvoted,5
Downvoted,Downvoted,5
Downvoted,Downvoted,5
Downvoted,Downvoted,5
Downvoted,Downvoted,5
Downvoted,Downvoted,5
Downvoted,Downvoted,5
Downvoted,Downvoted,5
Downvoted,Downvoted,5
Downvoted,Downvoted,5
Downvoted,Downvoted,5
Downvoted,Downvoted,5
Downvoted,Downvoted,5
Upvoted,Downvoted,5
Downvoted,Downvoted,5
Downvoted,Downvoted,5
Downvoted,Downvoted,5
Downvoted,Downvoted,5
Downvoted,Downvoted,5
Downvoted,Downvoted,5
Downvoted,Downvoted,5
Downvoted,Downvoted,5
Downvoted,Downvoted,5
Downvoted,Downvoted,5
Downvoted,Downvoted,6
Downvoted,Downvoted,6
Downvoted,Downvoted,6
Downvoted,Downvoted,6
Downvoted,Downvoted,6
Downvoted,Downvoted,6
Downvoted,Downvoted,6
Upvoted,Downvoted,6
Downvoted,Downvoted,6
Downvoted,Downvoted,6
Downvoted,Downvoted,6
Downvoted,Downvoted,6
Downvoted,Downvoted,6
Downvoted,Downvoted,6
Downvoted,Downvoted,6
Downvoted,Downvoted,6
Downvoted,Downvoted,6
Downvoted,Downvoted,6
Downvoted,Downvoted,6
Downvoted,Downvoted,6
Downvoted,Downvoted,6
Downvoted,Downvoted,6
Downvoted,Downvoted,6
Downvoted,Downvoted,6
Downvoted,Downvoted,6
Downvoted,Downvoted,6
Downvoted,Downvoted,6
Downvoted,Downvoted,6
Downvoted,Downvoted,6
Downvoted,Downvoted,6
Downvoted,Downvoted,6
Downvoted,Downvoted,6
Downvoted,Downvoted,6
Downvoted,Downvoted,6
Downvoted,Downvoted,6
Downvoted,Downvoted,6
Downvoted,Downvoted,6
Downvoted,Downvoted,6
Downvoted,Downvoted,6
Downvoted,Downvoted,6
Downvoted,Downvoted,6
Downvoted,Downvoted,6
Downvoted,Downvoted,6
Downvoted,Downvoted,6
Downvoted,Downvoted,6
Downvoted,Downvoted,6
Downvoted,Downvoted,6
Downvoted,Downvoted,6
Downvoted,Downvoted,6
Downvoted,Downvoted,6
Downvoted,Downvoted,6
Downvoted,Downvoted,6
Downvoted,Downvoted,6
Downvoted,Downvoted,6
Downvoted,Downvoted,6
Downvoted,Downvoted,6
Downvoted,Downvoted,6
Upvoted,Downvoted,6
Upvoted,Downvoted,6
Upvoted,Downvoted,6
Downvoted,Downvoted,6
Downvoted,Downvoted,6
Downvoted,Downvoted,6
Downvoted,Downvoted,6
Downvoted,Downvoted,6
Downvoted,Downvoted,6
Downvoted,Downvoted,6
Downvoted,Downvoted,6
Downvoted,Downvoted,6
Downvoted,Downvoted,6
Downvoted,Downvoted,6
Downvoted,Downvoted,6
Downvoted,Downvoted,6
Upvoted,Downvoted,6
Downvoted,Downvoted,6
Downvoted,Downvoted,6
Downvoted,Downvoted,6
Downvoted,Downvoted,6
Downvoted,Downvoted,6
Downvoted,Downvoted,6
Downvoted,Downvoted,6
Downvoted,Downvoted,6
Downvoted,Downvoted,6
Downvoted,Downvoted,6
Downvoted,Downvoted,6
Downvoted,Downvoted,6
Downvoted,Downvoted,6
Downvoted,Downvoted,6
Downvoted,Downvoted,6
Downvoted,Downvoted,6
Downvoted,Downvoted,6
Downvoted,Downvoted,6
Downvoted,Downvoted,6
Downvoted,Downvoted,6
Downvoted,Downvoted,6
Downvoted,Downvoted,6
Downvoted,Downvoted,6
Downvoted,Downvoted,6
Downvoted,Downvoted,6
Downvoted,Downvoted,6
Downvoted,Downvoted,6
Downvoted,Downvoted,6
Downvoted,Downvoted,6
Downvoted,Downvoted,6
Downvoted,Downvoted,6
Downvoted,Downvoted,6
Downvoted,Downvoted,6
Downvoted,Downvoted,6
Downvoted,Downvoted,6
Downvoted,Downvoted,6
Downvoted,Downvoted,6
Downvoted,Downvoted,6
Downvoted,Downvoted,6
Downvoted,Downvoted,6
Downvoted,Downvoted,6
Downvoted,Downvoted,6
Downvoted,Downvoted,6
Downvoted,Downvoted,6
Downvoted,Downvoted,6
Downvoted,Downvoted,6
Downvoted,Downvoted,6
Downvoted,Downvoted,6
Downvoted,Downvoted,6
Downvoted,Downvoted,6
Downvoted,Downvoted,6
Downvoted,Downvoted,6
Downvoted,Downvoted,6
Downvoted,Downvoted,6
Downvoted,Downvoted,6
Downvoted,Downvoted,6
Downvoted,Downvoted,6
Downvoted,Downvoted,7
Downvoted,Downvoted,7
Downvoted,Downvoted,7
Downvoted,Downvoted,7
Downvoted,Downvoted,7
Downvoted,Downvoted,7
Downvoted,Downvoted,7
Downvoted,Downvoted,7
Downvoted,Downvoted,7
Downvoted,Downvoted,7
Downvoted,Downvoted,7
Downvoted,Downvoted,7
Downvoted,Downvoted,7
Downvoted,Downvoted,7
Downvoted,Downvoted,7
Downvoted,Downvoted,7
Downvoted,Downvoted,7
Upvoted,Downvoted,7
Downvoted,Downvoted,7
Downvoted,Downvoted,7
Downvoted,Downvoted,7
Downvoted,Downvoted,7
Downvoted,Downvoted,7
Downvoted,Downvoted,7
Downvoted,Downvoted,7
Downvoted,Downvoted,7
Downvoted,Downvoted,7
Downvoted,Downvoted,7
Downvoted,Downvoted,7
Downvoted,Downvoted,7
Upvoted,Downvoted,7
Upvoted,Downvoted,7
Downvoted,Downvoted,7
Downvoted,Downvoted,7
Downvoted,Downvoted,7
Downvoted,Downvoted,7
Downvoted,Downvoted,7
Downvoted,Downvoted,7
Downvoted,Downvoted,7
Upvoted,Downvoted,7
Downvoted,Downvoted,7
Downvoted,Downvoted,7
Downvoted,Downvoted,7
Downvoted,Downvoted,7
Downvoted,Downvoted,7
Downvoted,Downvoted,7
Downvoted,Downvoted,7
Downvoted,Downvoted,7
Downvoted,Downvoted,7
Downvoted,Downvoted,7
Downvoted,Downvoted,7
Downvoted,Downvoted,7
Downvoted,Downvoted,7
Downvoted,Downvoted,7
Downvoted,Downvoted,7
Downvoted,Downvoted,7
Downvoted,Downvoted,7
Downvoted,Downvoted,7
Downvoted,Downvoted,7
Upvoted,Downvoted,7
Downvoted,Downvoted,7
Upvoted,Downvoted,7
Downvoted,Downvoted,7
Downvoted,Downvoted,7
Downvoted,Downvoted,7
Downvoted,Downvoted,7
Downvoted,Downvoted,7
Upvoted,Downvoted,7
Downvoted,Downvoted,7
Downvoted,Downvoted,7
Downvoted,Downvoted,7
Downvoted,Downvoted,7
Downvoted,Downvoted,7
Downvoted,Downvoted,7
Downvoted,Downvoted,7
Downvoted,Downvoted,7
Downvoted,Downvoted,7
Downvoted,Downvoted,7
Downvoted,Downvoted,7
Downvoted,Downvoted,7
Downvoted,Downvoted,7
Downvoted,Downvoted,7
Downvoted,Downvoted,7
Downvoted,Downvoted,7
Downvoted,Downvoted,7
Downvoted,Downvoted,7
Downvoted,Downvoted,7
Upvoted,Downvoted,7
Downvoted,Downvoted,7
Upvoted,Downvoted,7
Downvoted,Downvoted,7
Downvoted,Downvoted,7
Downvoted,Downvoted,7
Downvoted,Downvoted,7
Downvoted,Downvoted,7
Downvoted,Downvoted,7
Downvoted,Downvoted,7
Downvoted,Downvoted,7
Downvoted,Downvoted,7
Downvoted,Downvoted,7
Downvoted,Downvoted,7
Downvoted,Downvoted,7
Downvoted,Downvoted,7
Downvoted,Downvoted,7
Downvoted,Downvoted,7
Downvoted,Downvoted,7
Downvoted,Downvoted,7
Downvoted,Downvoted,7
Downvoted,Downvoted,7
Downvoted,Downvoted,7
Downvoted,Downvoted,7
Downvoted,Downvoted,7
Downvoted,Upvoted,8
Downvoted,Upvoted,8
Downvoted,Upvoted,8
Downvoted,Upvoted,8
Downvoted,Upvoted,8
Downvoted,Upvoted,8
Downvoted,Upvoted,8
Downvoted,Upvoted,8
Downvoted,Upvoted,8
Downvoted,Upvoted,8
Downvoted,Upvoted,8
Downvoted,Upvoted,8
Downvoted,Upvoted,8
Downvoted,Upvoted,8
Downvoted,Upvoted,8
Downvoted,Upvoted,8
Upvoted,Upvoted,8
Downvoted,Upvoted,8
Downvoted,Upvoted,8
Downvoted,Upvoted,8
Downvoted,Upvoted,8
Downvoted,Upvoted,8
Downvoted,Upvoted,8
Downvoted,Upvoted,8
Downvoted,Upvoted,8
Upvoted,Upvoted,8
Downvoted,Upvoted,8
Downvoted,Upvoted,8
Downvoted,Upvoted,8
Downvoted,Upvoted,8
Downvoted,Upvoted,8
Upvoted,Upvoted,8
Downvoted,Upvoted,8
Downvoted,Upvoted,8
Downvoted,Upvoted,8
Downvoted,Upvoted,8
Downvoted,Upvoted,8
Downvoted,Upvoted,8
Downvoted,Upvoted,8
Downvoted,Upvoted,8
Downvoted,Upvoted,8
Downvoted,Upvoted,8
Downvoted,Upvoted,8
Downvoted,Upvoted,8
Downvoted,Upvoted,8
Downvoted,Upvoted,8
Upvoted,Upvoted,8
Downvoted,Upvoted,8
Downvoted,Upvoted,8
Downvoted,Upvoted,8
Downvoted,Upvoted,8
Downvoted,Upvoted,8
Downvoted,Upvoted,8
Downvoted,Upvoted,8
Downvoted,Upvoted,8
Downvoted,Upvoted,8
Downvoted,Upvoted,8
Downvoted,Upvoted,8
Downvoted,Upvoted,8
Downvoted,Upvoted,8
Downvoted,Upvoted,8
Downvoted,Upvoted,8
Downvoted,Upvoted,8
Downvoted,Upvoted,8
Downvoted,Upvoted,8
Downvoted,Upvoted,8
Downvoted,Upvoted,8
Downvoted,Upvoted,8
Downvoted,Upvoted,8
Downvoted,Upvoted,8
Downvoted,Upvoted,8
Downvoted,Upvoted,8
Downvoted,Upvoted,8
Downvoted,Upvoted,8
Downvoted,Upvoted,8
Downvoted,Upvoted,8
Downvoted,Upvoted,8
Downvoted,Upvoted,8
Downvoted,Upvoted,8
Downvoted,Upvoted,8
Downvoted,Upvoted,8
Downvoted,Upvoted,8
Downvoted,Upvoted,8
Upvoted,Upvoted,8
Downvoted,Upvoted,8
Downvoted,Upvoted,8
Downvoted,Upvoted,8
Downvoted,Upvoted,8
Downvoted,Upvoted,8
Downvoted,Upvoted,8
Downvoted,Upvoted,8
Downvoted,Upvoted,8
Downvoted,Upvoted,8
Downvoted,Upvoted,8
Downvoted,Upvoted,8
Downvoted,Upvoted,8
Downvoted,Upvoted,8
Upvoted,Upvoted,8
Downvoted,Upvoted,8
Downvoted,Upvoted,8
Downvoted,Upvoted,8
Downvoted,Upvoted,8
Downvoted,Upvoted,8
Downvoted,Upvoted,8
Downvoted,Upvoted,8
Downvoted,Upvoted,8
Downvoted,Upvoted,8
Downvoted,Upvoted,8
Downvoted,Upvoted,8
Downvoted,Upvoted,8
Downvoted,Upvoted,8
Downvoted,Upvoted,8
Downvoted,Upvoted,9
Downvoted,Upvoted,9
Downvoted,Upvoted,9
Downvoted,Upvoted,9
Upvoted,Upvoted,9
Downvoted,Upvoted,9
Downvoted,Upvoted,9
Downvoted,Upvoted,9
Downvoted,Upvoted,9
Downvoted,Upvoted,9
Downvoted,Upvoted,9
Downvoted,Upvoted,9
Downvoted,Upvoted,9
Downvoted,Upvoted,9
Downvoted,Upvoted,9
Downvoted,Upvoted,9
Downvoted,Upvoted,9
Downvoted,Upvoted,9
Downvoted,Upvoted,9
Downvoted,Upvoted,9
Downvoted,Upvoted,9
Downvoted,Upvoted,9
Downvoted,Upvoted,9
Downvoted,Upvoted,9
Downvoted,Upvoted,9
Downvoted,Upvoted,9
Downvoted,Upvoted,9
Downvoted,Upvoted,9
Downvoted,Upvoted,9
Downvoted,Upvoted,9
Upvoted,Upvoted,9
Upvoted,Upvoted,9
Downvoted,Upvoted,9
Downvoted,Upvoted,9
Downvoted,Upvoted,9
Downvoted,Upvoted,9
Downvoted,Upvoted,9
Downvoted,Upvoted,9
Downvoted,Upvoted,9
Downvoted,Upvoted,9
Downvoted,Upvoted,9
Downvoted,Upvoted,9
Downvoted,Upvoted,9
Downvoted,Upvoted,9
Downvoted,Upvoted,9
Downvoted,Upvoted,9
Downvoted,Upvoted,9
Downvoted,Upvoted,9
Downvoted,Upvoted,9
Downvoted,Upvoted,9
Upvoted,Upvoted,9
Downvoted,Upvoted,9
Downvoted,Upvoted,9
Downvoted,Upvoted,9
Downvoted,Upvoted,9
Downvoted,Upvoted,9
Downvoted,Upvoted,9
Downvoted,Upvoted,9
Downvoted,Upvoted,9
Downvoted,Upvoted,9
Downvoted,Upvoted,9
Downvoted,Upvoted,9
Downvoted,Upvoted,9
Downvoted,Upvoted,9
Downvoted,Upvoted,9
Downvoted,Upvoted,9
Downvoted,Upvoted,9
Downvoted,Upvoted,9
Downvoted,Upvoted,9
Downvoted,Upvoted,9
Downvoted,Upvoted,9
Upvoted,Upvoted,9
Upvoted,Upvoted,9
Downvoted,Upvoted,9
Downvoted,Upvoted,9
Downvoted,Upvoted,9
Downvoted,Upvoted,9
Downvoted,Upvoted,9
Downvoted,Upvoted,9
Downvoted,Upvoted,9
Downvoted,Upvoted,9
Downvoted,Upvoted,9
Downvoted,Upvoted,9
Downvoted,Upvoted,9
Downvoted,Upvoted,9
Downvoted,Upvoted,9
Downvoted,Upvoted,9
Downvoted,Upvoted,9
Downvoted,Upvoted,9
Downvoted,Upvoted,9
Downvoted,Upvoted,9
Downvoted,Upvoted,9
Downvoted,Upvoted,9
Downvoted,Upvoted,9
Upvoted,Upvoted,9
Downvoted,Upvoted,9
Downvoted,Upvoted,9
Downvoted,Upvoted,9
Downvoted,Upvoted,9
Downvoted,Upvoted,9
Downvoted,Upvoted,9
Downvoted,Upvoted,9
Downvoted,Upvoted,9
Downvoted,Upvoted,9
Downvoted,Upvoted,9
Downvoted,Upvoted,9
Downvoted,Upvoted,9
Downvoted,Upvoted,10
Downvoted,Upvoted,10
Downvoted,Upvoted,10
Downvoted,Upvoted,10
Downvoted,Upvoted,10
Downvoted,Upvoted,10
Downvoted,Upvoted,10
Downvoted,Upvoted,10
Downvoted,Upvoted,10
Downvoted,Upvoted,10
Downvoted,Upvoted,10
Downvoted,Upvoted,10
Downvoted,Upvoted,10
Downvoted,Upvoted,10
Downvoted,Upvoted,10
Downvoted,Upvoted,10
Downvoted,Upvoted,10
Downvoted,Upvoted,10
Downvoted,Upvoted,10
Downvoted,Upvoted,10
Downvoted,Upvoted,10
Downvoted,Upvoted,10
Upvoted,Upvoted,10
Downvoted,Upvoted,10
Downvoted,Upvoted,10
Downvoted,Upvoted,10
Downvoted,Upvoted,10
Downvoted,Upvoted,10
Upvoted,Upvoted,10
Downvoted,Upvoted,10
Downvoted,Upvoted,10
Downvoted,Upvoted,10
Downvoted,Upvoted,10
Downvoted,Upvoted,10
Downvoted,Upvoted,10
Downvoted,Upvoted,10
Downvoted,Upvoted,10
Downvoted,Upvoted,10
Downvoted,Upvoted,10
Upvoted,Upvoted,10
Downvoted,Upvoted,10
Downvoted,Upvoted,10
Downvoted,Upvoted,10
Downvoted,Upvoted,10
Downvoted,Upvoted,10
Downvoted,Upvoted,10
Downvoted,Upvoted,10
Downvoted,Upvoted,10
Downvoted,Upvoted,10
Downvoted,Upvoted,10
Downvoted,Upvoted,10
Downvoted,Upvoted,10
Downvoted,Upvoted,10
Downvoted,Upvoted,10
Downvoted,Upvoted,10
Downvoted,Upvoted,10
Upvoted,Upvoted,10
Downvoted,Upvoted,10
Downvoted,Upvoted,10
Downvoted,Upvoted,10
Upvoted,Upvoted,10
Downvoted,Upvoted,10
Downvoted,Upvoted,10
Downvoted,Upvoted,10
Downvoted,Upvoted,10
Downvoted,Upvoted,10
Downvoted,Upvoted,10
Downvoted,Upvoted,10
Downvoted,Upvoted,10
Downvoted,Upvoted,10
Downvoted,Upvoted,10
Downvoted,Upvoted,10
Downvoted,Upvoted,10
Downvoted,Upvoted,10
Downvoted,Upvoted,10
Downvoted,Upvoted,10
Downvoted,Upvoted,10
Downvoted,Upvoted,10
Downvoted,Upvoted,10
Downvoted,Upvoted,10
Downvoted,Upvoted,10
Downvoted,Upvoted,10
Downvoted,Upvoted,10
Downvoted,Upvoted,10
Downvoted,Upvoted,10
Downvoted,Upvoted,11
Downvoted,Upvoted,11
Downvoted,Upvoted,11
Downvoted,Upvoted,11
Downvoted,Upvoted,11
Downvoted,Upvoted,11
Downvoted,Upvoted,11
Downvoted,Upvoted,11
Downvoted,Upvoted,11
Downvoted,Upvoted,11
Downvoted,Upvoted,11
Downvoted,Upvoted,11
Downvoted,Upvoted,11
Upvoted,Upvoted,11
Downvoted,Upvoted,11
Downvoted,Upvoted,11
Downvoted,Upvoted,11
Downvoted,Upvoted,11
Downvoted,Upvoted,11
Upvoted,Upvoted,11
Downvoted,Upvoted,11
Downvoted,Upvoted,11
Downvoted,Upvoted,11
Downvoted,Upvoted,11
Downvoted,Upvoted,11
Downvoted,Upvoted,11
Downvoted,Upvoted,11
Upvoted,Upvoted,11
Downvoted,Upvoted,11
Downvoted,Upvoted,11
Downvoted,Upvoted,11
Downvoted,Upvoted,11
Downvoted,Upvoted,11
Downvoted,Upvoted,11
Downvoted,Upvoted,11
Downvoted,Upvoted,11
Downvoted,Upvoted,11
Downvoted,Upvoted,11
Downvoted,Upvoted,11
Downvoted,Upvoted,11
Downvoted,Upvoted,11
Downvoted,Upvoted,11
Downvoted,Upvoted,11
Downvoted,Upvoted,11
Downvoted,Upvoted,11
Downvoted,Upvoted,11
Downvoted,Upvoted,11
Downvoted,Upvoted,11
Downvoted,Upvoted,11
Downvoted,Upvoted,11
Downvoted,Upvoted,11
Downvoted,Upvoted,11
Downvoted,Upvoted,11
Downvoted,Upvoted,11
Downvoted,Upvoted,11
Downvoted,Upvoted,11
Downvoted,Upvoted,11
Downvoted,Upvoted,11
Downvoted,Upvoted,11
Downvoted,Upvoted,11
Downvoted,Upvoted,11
Downvoted,Upvoted,11
Downvoted,Upvoted,11
Downvoted,Upvoted,11
Downvoted,Upvoted,11
Downvoted,Upvoted,11
Downvoted,Upvoted,11
Downvoted,Upvoted,11
Downvoted,Upvoted,11
Downvoted,Upvoted,11
Downvoted,Upvoted,11
Downvoted,Upvoted,11
Downvoted,Upvoted,11
Downvoted,Upvoted,11
Downvoted,Upvoted,11
Downvoted,Upvoted,11
Downvoted,Upvoted,12
Downvoted,Upvoted,12
Downvoted,Upvoted,12
Downvoted,Upvoted,12
Downvoted,Upvoted,12
Upvoted,Upvoted,12
Downvoted,Upvoted,12
Downvoted,Upvoted,12
Downvoted,Upvoted,12
Downvoted,Upvoted,12
Downvoted,Upvoted,12
Downvoted,Upvoted,12
Downvoted,Upvoted,12
Downvoted,Upvoted,12
Downvoted,Upvoted,12
Downvoted,Upvoted,12
Downvoted,Upvoted,12
Downvoted,Upvoted,12
Upvoted,Upvoted,12
Upvoted,Upvoted,12
Downvoted,Upvoted,12
Downvoted,Upvoted,12
Downvoted,Upvoted,12
Downvoted,Upvoted,12
Upvoted,Upvoted,12
Downvoted,Upvoted,12
Downvoted,Upvoted,12
Upvoted,Upvoted,12
Downvoted,Upvoted,12
Downvoted,Upvoted,12
Downvoted,Upvoted,12
Downvoted,Upvoted,12
Downvoted,Upvoted,12
Downvoted,Upvoted,12
Downvoted,Upvoted,12
Downvoted,Upvoted,12
Downvoted,Upvoted,12
Downvoted,Upvoted,12
Downvoted,Upvoted,12
Downvoted,Upvoted,12
Upvoted,Upvoted,12
Downvoted,Upvoted,12
Downvoted,Upvoted,12
Downvoted,Upvoted,12
Downvoted,Upvoted,12
Downvoted,Upvoted,12
Downvoted,Upvoted,12
Downvoted,Upvoted,12
Downvoted,Upvoted,12
Downvoted,Upvoted,12
Downvoted,Upvoted,12
Downvoted,Upvoted,12
Downvoted,Upvoted,12
Downvoted,Upvoted,12
Downvoted,Upvoted,12
Upvoted,Upvoted,13
Downvoted,Upvoted,13
Downvoted,Upvoted,13
Downvoted,Upvoted,13
Downvoted,Upvoted,13
Downvoted,Upvoted,13
Downvoted,Upvoted,13
Upvoted,Upvoted,13
Downvoted,Upvoted,13
Upvoted,Upvoted,13
Downvoted,Upvoted,13
Downvoted,Upvoted,13
Downvoted,Upvoted,13
Downvoted,Upvoted,13
Downvoted,Upvoted,13
Downvoted,Upvoted,13
Downvoted,Upvoted,13
Downvoted,Upvoted,13
Downvoted,Upvoted,13
Downvoted,Upvoted,13
Upvoted,Upvoted,13
Downvoted,Upvoted,13
Downvoted,Upvoted,13
Downvoted,Upvoted,13
Downvoted,Upvoted,13
Downvoted,Upvoted,13
Downvoted,Upvoted,13
Downvoted,Upvoted,13
Downvoted,Upvoted,13
Downvoted,Upvoted,13
Downvoted,Upvoted,13
Downvoted,Upvoted,13
Downvoted,Upvoted,13
Downvoted,Upvoted,13
Downvoted,Upvoted,13
Upvoted,Upvoted,13
Downvoted,Upvoted,13
Downvoted,Upvoted,13
Downvoted,Upvoted,13
Downvoted,Upvoted,13
Downvoted,Upvoted,13
Downvoted,Upvoted,13
Downvoted,Upvoted,13
Downvoted,Upvoted,13
Downvoted,Upvoted,13
Downvoted,Upvoted,13
Downvoted,Upvoted,13
Downvoted,Upvoted,13
Downvoted,Upvoted,13
Downvoted,Upvoted,13
Downvoted,Upvoted,13
Downvoted,Upvoted,13
Downvoted,Upvoted,13
Downvoted,Upvoted,13
Downvoted,Upvoted,13
Downvoted,Upvoted,13
Downvoted,Upvoted,13
Downvoted,Upvoted,14
Upvoted,Upvoted,14
Downvoted,Upvoted,14
Downvoted,Upvoted,14
Downvoted,Upvoted,14
Downvoted,Upvoted,14
Downvoted,Upvoted,14
Downvoted,Upvoted,14
Downvoted,Upvoted,14
Downvoted,Upvoted,14
Downvoted,Upvoted,14
Downvoted,Upvoted,14
Downvoted,Upvoted,14
Downvoted,Upvoted,14
Downvoted,Upvoted,14
Downvoted,Upvoted,14
Downvoted,Upvoted,14
Downvoted,Upvoted,14
Downvoted,Upvoted,14
Downvoted,Upvoted,14
Downvoted,Upvoted,14
Downvoted,Upvoted,14
Downvoted,Upvoted,14
Upvoted,Upvoted,14
Downvoted,Upvoted,14
Downvoted,Upvoted,14
Upvoted,Upvoted,14
Downvoted,Upvoted,14
Downvoted,Upvoted,14
Downvoted,Upvoted,14
Downvoted,Upvoted,14
Downvoted,Upvoted,14
Downvoted,Upvoted,14
Downvoted,Upvoted,14
Downvoted,Upvoted,14
Downvoted,Upvoted,14
Downvoted,Upvoted,14
Downvoted,Upvoted,14
Downvoted,Upvoted,14
Downvoted,Upvoted,14
Downvoted,Upvoted,14
Downvoted,Upvoted,14
Downvoted,Upvoted,14
Downvoted,Upvoted,14
Downvoted,Upvoted,14
Downvoted,Upvoted,14
Downvoted,Upvoted,14
Downvoted,Upvoted,15
Downvoted,Upvoted,15
Downvoted,Upvoted,15
Downvoted,Upvoted,15
Downvoted,Upvoted,15
Downvoted,Upvoted,15
Upvoted,Upvoted,15
Downvoted,Upvoted,15
Downvoted,Upvoted,15
Downvoted,Upvoted,15
Downvoted,Upvoted,15
Downvoted,Upvoted,15
Downvoted,Upvoted,15
Downvoted,Upvoted,15
Downvoted,Upvoted,15
Downvoted,Upvoted,15
Downvoted,Upvoted,15
Downvoted,Upvoted,15
Downvoted,Upvoted,15
Downvoted,Upvoted,15
Downvoted,Upvoted,15
Downvoted,Upvoted,15
Downvoted,Upvoted,15
Downvoted,Upvoted,15
Downvoted,Upvoted,15
Downvoted,Upvoted,15
Downvoted,Upvoted,15
Downvoted,Upvoted,15
Downvoted,Upvoted,15
Downvoted,Upvoted,15
Downvoted,Upvoted,15
Downvoted,Upvoted,15
Downvoted,Upvoted,15
Downvoted,Upvoted,16
Upvoted,Upvoted,16
Downvoted,Upvoted,16
Downvoted,Upvoted,16
Downvoted,Upvoted,16
Downvoted,Upvoted,16
Downvoted,Upvoted,16
Downvoted,Upvoted,16
Upvoted,Upvoted,16
Downvoted,Upvoted,16
Upvoted,Upvoted,16
Downvoted,Upvoted,16
Upvoted,Upvoted,16
Downvoted,Upvoted,16
Downvoted,Upvoted,16
Downvoted,Upvoted,16
Downvoted,Upvoted,16
Downvoted,Upvoted,16
Downvoted,Upvoted,16
Downvoted,Upvoted,16
Downvoted,Upvoted,16
Downvoted,Upvoted,16
Downvoted,Upvoted,17
Downvoted,Upvoted,17
Downvoted,Upvoted,17
Downvoted,Upvoted,17
Downvoted,Upvoted,17
Downvoted,Upvoted,17
Downvoted,Upvoted,17
Downvoted,Upvoted,17
Downvoted,Upvoted,17
Downvoted,Upvoted,17
Downvoted,Upvoted,17
Downvoted,Upvoted,17
Downvoted,Upvoted,17
Downvoted,Upvoted,17
Downvoted,Upvoted,17
Downvoted,Upvoted,17
Downvoted,Upvoted,17
Downvoted,Upvoted,17
Downvoted,Upvoted,17
Downvoted,Upvoted,17
Downvoted,Upvoted,17
Downvoted,Upvoted,17
Upvoted,Upvoted,17
Downvoted,Upvoted,17
Upvoted,Upvoted,17
Downvoted,Upvoted,17
Upvoted,Upvoted,17
Downvoted,Upvoted,17
Downvoted,Upvoted,17
Downvoted,Upvoted,17
Downvoted,Upvoted,17
Downvoted,Upvoted,18
Downvoted,Upvoted,18
Upvoted,Upvoted,18
Downvoted,Upvoted,18
Downvoted,Upvoted,18
Downvoted,Upvoted,18
Downvoted,Upvoted,18
Downvoted,Upvoted,18
Downvoted,Upvoted,18
Downvoted,Upvoted,18
Downvoted,Upvoted,18
Downvoted,Upvoted,18
Upvoted,Upvoted,18
Downvoted,Upvoted,18
Downvoted,Upvoted,18
Downvoted,Upvoted,18
Downvoted,Upvoted,18
Downvoted,Upvoted,18
Downvoted,Upvoted,18
Upvoted,Upvoted,18
Downvoted,Upvoted,18
Downvoted,Upvoted,18
Downvoted,Upvoted,18
Downvoted,Upvoted,18
Downvoted,Upvoted,18
Downvoted,Upvoted,18
Downvoted,Upvoted,18
Downvoted,Upvoted,18
Downvoted,Upvoted,18
Downvoted,Upvoted,18
Downvoted,Upvoted,18
Downvoted,Upvoted,18
Downvoted,Upvoted,19
Upvoted,Upvoted,19
Downvoted,Upvoted,19
Downvoted,Upvoted,19
Downvoted,Upvoted,19
Downvoted,Upvoted,19
Downvoted,Upvoted,19
Downvoted,Upvoted,19
Downvoted,Upvoted,19
Downvoted,Upvoted,19
Upvoted,Upvoted,19
Downvoted,Upvoted,19
Downvoted,Upvoted,19
Downvoted,Upvoted,19
Downvoted,Upvoted,19
Downvoted,Upvoted,19
Downvoted,Upvoted,19
Downvoted,Upvoted,20
Downvoted,Upvoted,20
Downvoted,Upvoted,20
Upvoted,Upvoted,20
Upvoted,Upvoted,20
Downvoted,Upvoted,20
Upvoted,Upvoted,20
Downvoted,Upvoted,20
Downvoted,Upvoted,20
Downvoted,Upvoted,20
Downvoted,Upvoted,20
Downvoted,Upvoted,20
Downvoted,Upvoted,20
Downvoted,Upvoted,20
Downvoted,Upvoted,20
Downvoted,Upvoted,20
Upvoted,Upvoted,20
Upvoted,Upvoted,20
Downvoted,Upvoted,20
Downvoted,Upvoted,20
Downvoted,Upvoted,20
Downvoted,Upvoted,20
Downvoted,Upvoted,20
Downvoted,Upvoted,21
Downvoted,Upvoted,21
Downvoted,Upvoted,21
Downvoted,Upvoted,21
Downvoted,Upvoted,21
Downvoted,Upvoted,21
Downvoted,Upvoted,21
Downvoted,Upvoted,21
Downvoted,Upvoted,21
Downvoted,Upvoted,21
Downvoted,Upvoted,21
Downvoted,Upvoted,21
Downvoted,Upvoted,21
Downvoted,Upvoted,21
Downvoted,Upvoted,21
Downvoted,Upvoted,22
Downvoted,Upvoted,22
Downvoted,Upvoted,22
Downvoted,Upvoted,22
Upvoted,Upvoted,22
Downvoted,Upvoted,22
Downvoted,Upvoted,22
Downvoted,Upvoted,22
Downvoted,Upvoted,22
Downvoted,Upvoted,22
Downvoted,Upvoted,22
Upvoted,Upvoted,22
Downvoted,Upvoted,22
Downvoted,Upvoted,22
Upvoted,Upvoted,22
Downvoted,Upvoted,22
Downvoted,Upvoted,22
Downvoted,Upvoted,22
Downvoted,Upvoted,22
Downvoted,Upvoted,22
Downvoted,Upvoted,23
Downvoted,Upvoted,23
Upvoted,Upvoted,23
Downvoted,Upvoted,23
Downvoted,Upvoted,23
Downvoted,Upvoted,23
Downvoted,Upvoted,23
Downvoted,Upvoted,23
Downvoted,Upvoted,23
Downvoted,Upvoted,23
Downvoted,Upvoted,23
Downvoted,Upvoted,23
Downvoted,Upvoted,23
Downvoted,Upvoted,23
Downvoted,Upvoted,23
Downvoted,Upvoted,23
Downvoted,Upvoted,23
Downvoted,Upvoted,23
Downvoted,Upvoted,23
Upvoted,Upvoted,23
Downvoted,Upvoted,23
Downvoted,Upvoted,23
Downvoted,Upvoted,23
Downvoted,Upvoted,23
Downvoted,Upvoted,23
Downvoted,Upvoted,24
Downvoted,Upvoted,24
Upvoted,Upvoted,24
Downvoted,Upvoted,24
Downvoted,Upvoted,24
Downvoted,Upvoted,24
Downvoted,Upvoted,24
Downvoted,Upvoted,24
Downvoted,Upvoted,24
Downvoted,Upvoted,24
Downvoted,Upvoted,25
Downvoted,Upvoted,25
Upvoted,Upvoted,25
Downvoted,Upvoted,25
Downvoted,Upvoted,25
Upvoted,Upvoted,25
Downvoted,Upvoted,25
Downvoted,Upvoted,25
Downvoted,Upvoted,25
Downvoted,Upvoted,25
Downvoted,Upvoted,25
Upvoted,Upvoted,25
Downvoted,Upvoted,25
Downvoted,Upvoted,25
Downvoted,Upvoted,26
Downvoted,Upvoted,26
Downvoted,Upvoted,26
Downvoted,Upvoted,26
Downvoted,Upvoted,26
Downvoted,Upvoted,26
Downvoted,Upvoted,26
Downvoted,Upvoted,26
Downvoted,Upvoted,26
Downvoted,Upvoted,26
Downvoted,Upvoted,26
Downvoted,Upvoted,27
Downvoted,Upvoted,27
Downvoted,Upvoted,27
Downvoted,Upvoted,27
Downvoted,Upvoted,27
Downvoted,Upvoted,28
Downvoted,Upvoted,28
Downvoted,Upvoted,28
Downvoted,Upvoted,28
Downvoted,Upvoted,28
Downvoted,Upvoted,28
Downvoted,Upvoted,28
Downvoted,Upvoted,29
Downvoted,Upvoted,29
Downvoted,Upvoted,29
Downvoted,Upvoted,29
Downvoted,Upvoted,29
Downvoted,Upvoted,29
Downvoted,Upvoted,29
Downvoted,Upvoted,29
Downvoted,Upvoted,29
Downvoted,Upvoted,29
Downvoted,Upvoted,29
Downvoted,Upvoted,30
Downvoted,Upvoted,30
Downvoted,Upvoted,30
Downvoted,Upvoted,30
Downvoted,Upvoted,30
Downvoted,Upvoted,30
Downvoted,Upvoted,30
Downvoted,Upvoted,31
Downvoted,Upvoted,31
Downvoted,Upvoted,31
Downvoted,Upvoted,31
Downvoted,Upvoted,31
Downvoted,Upvoted,31
Downvoted,Upvoted,31
Downvoted,Upvoted,31
Downvoted,Upvoted,32
Upvoted,Upvoted,32
Downvoted,Upvoted,32
Downvoted,Upvoted,32
Downvoted,Upvoted,33
Downvoted,Upvoted,33
Downvoted,Upvoted,33
Downvoted,Upvoted,33
Downvoted,Upvoted,34
Upvoted,Upvoted,34
Downvoted,Upvoted,34
Downvoted,Upvoted,34
Downvoted,Upvoted,34
Downvoted,Upvoted,35
Downvoted,Upvoted,35
Upvoted,Upvoted,36
Downvoted,Upvoted,36
Downvoted,Upvoted,37
Downvoted,Upvoted,37
Downvoted,Upvoted,37
Upvoted,Upvoted,37
Downvoted,Upvoted,37
Downvoted,Upvoted,37
Downvoted,Upvoted,37
Downvoted,Upvoted,38
Downvoted,Upvoted,38
Downvoted,Upvoted,38
Downvoted,Upvoted,38
Downvoted,Upvoted,38
Downvoted,Upvoted,38
Downvoted,Upvoted,39
Downvoted,Upvoted,39
Downvoted,Upvoted,39
Downvoted,Upvoted,40
Upvoted,Upvoted,40
Downvoted,Upvoted,40
Downvoted,Upvoted,40
Downvoted,Upvoted,40
Downvoted,Upvoted,41
Downvoted,Upvoted,41
Downvoted,Upvoted,41
Downvoted,Upvoted,41
Downvoted,Upvoted,41
Downvoted,Upvoted,41
Downvoted,Upvoted,42
Downvoted,Upvoted,42
Downvoted,Upvoted,42
Downvoted,Upvoted,43
Downvoted,Upvoted,44
Downvoted,Upvoted,44
Downvoted,Upvoted,44
Downvoted,Upvoted,44
Downvoted,Upvoted,44
Downvoted,Upvoted,44
Downvoted,Upvoted,45
Downvoted,Upvoted,45
Downvoted,Upvoted,47
Downvoted,Upvoted,47
Upvoted,Upvoted,47
Downvoted,Upvoted,49
Downvoted,Upvoted,49
Downvoted,Upvoted,49
Downvoted,Upvoted,50
Downvoted,Upvoted,50
Downvoted,Upvoted,50
Downvoted,Upvoted,50
Downvoted,Upvoted,50
Downvoted,Upvoted,51
Downvoted,Upvoted,51
Downvoted,Upvoted,51
Downvoted,Upvoted,51
Downvoted,Upvoted,52
Downvoted,Upvoted,52
Downvoted,Upvoted,54
Downvoted,Upvoted,55
Upvoted,Upvoted,57
Downvoted,Upvoted,58
Downvoted,Upvoted,58
Downvoted,Upvoted,60
Downvoted,Upvoted,60
Downvoted,Upvoted,60
Downvoted,Upvoted,60
Downvoted,Upvoted,61
Downvoted,Upvoted,62
Downvoted,Upvoted,62
Downvoted,Upvoted,63
Downvoted,Upvoted,64
Downvoted,Upvoted,65
Downvoted,Upvoted,68
Downvoted,Upvoted,69
Downvoted,Upvoted,69
Downvoted,Upvoted,70
Downvoted,Upvoted,71
Downvoted,Upvoted,73
Downvoted,Upvoted,74
Downvoted,Upvoted,74
Upvoted,Upvoted,74
Downvoted,Upvoted,74
Downvoted,Upvoted,75
Downvoted,Upvoted,75
Upvoted,Upvoted,76
Downvoted,Upvoted,77
Downvoted,Upvoted,79
Downvoted,Upvoted,81
Downvoted,Upvoted,81
Downvoted,Upvoted,82
Downvoted,Upvoted,82
Downvoted,Upvoted,83
Downvoted,Upvoted,85
Downvoted,Upvoted,86
Downvoted,Upvoted,89
Downvoted,Upvoted,93
Downvoted,Upvoted,94
Upvoted,Upvoted,95
Downvoted,Upvoted,99
Downvoted,Upvoted,104
Downvoted,Upvoted,105
Upvoted,Upvoted,109
Downvoted,Upvoted,110
Upvoted,Upvoted,111
Downvoted,Upvoted,119
Upvoted,Upvoted,119
Downvoted,Upvoted,122
Downvoted,Upvoted,126
Downvoted,Upvoted,127
Downvoted,Upvoted,128
Downvoted,Upvoted,130
Downvoted,Upvoted,137
Downvoted,Upvoted,144
Downvoted,Upvoted,145
Downvoted,Upvoted,150
Downvoted,Upvoted,157
Downvoted,Upvoted,164
Downvoted,Upvoted,165
Downvoted,Upvoted,167
Downvoted,Upvoted,170
Downvoted,Upvoted,172
Downvoted,Upvoted,174
Downvoted,Upvoted,186
Upvoted,Upvoted,190
Downvoted,Upvoted,194
Downvoted,Upvoted,196
Upvoted,Upvoted,215
Downvoted,Upvoted,218
Downvoted,Upvoted,221
Downvoted,Upvoted,222
Downvoted,Upvoted,225
Upvoted,Upvoted,225
Upvoted,Upvoted,229
Downvoted,Upvoted,246
Downvoted,Upvoted,266
Downvoted,Upvoted,268
Downvoted,Upvoted,303
Downvoted,Upvoted,312
Upvoted,Upvoted,347
Downvoted,Upvoted,359
Downvoted,Upvoted,362
Upvoted,Upvoted,405
Downvoted,Upvoted,425
Downvoted,Upvoted,428
Downvoted,Upvoted,496
Downvoted,Upvoted,508
Upvoted,Upvoted,526
Downvoted,Upvoted,536
Downvoted,Upvoted,625
Downvoted,Upvoted,667
Downvoted,Upvoted,753
Downvoted,Upvoted,773
Downvoted,Upvoted,1044
Downvoted,Upvoted,1297
Downvoted,Upvoted,2119
Downvoted,Downvoted,7
Downvoted,Downvoted,7
Downvoted,Downvoted,7
Downvoted,Downvoted,7
Downvoted,Downvoted,7
Downvoted,Downvoted,7
Downvoted,Downvoted,7
Downvoted,Downvoted,7
Downvoted,Downvoted,7
Downvoted,Downvoted,7
Upvoted,Downvoted,7
Downvoted,Downvoted,7
Downvoted,Downvoted,7
Downvoted,Downvoted,7
Downvoted,Downvoted,8
Downvoted,Downvoted,8
Downvoted,Downvoted,8
Downvoted,Downvoted,8
Downvoted,Downvoted,8
Downvoted,Downvoted,8
Downvoted,Downvoted,8
Downvoted,Downvoted,8
Downvoted,Downvoted,8
Downvoted,Downvoted,8
Downvoted,Downvoted,8
Upvoted,Downvoted,8
Downvoted,Downvoted,8
Downvoted,Downvoted,8
Downvoted,Downvoted,8
Downvoted,Downvoted,8
Downvoted,Downvoted,8
Downvoted,Downvoted,8
Downvoted,Downvoted,8
Downvoted,Downvoted,8
Upvoted,Downvoted,8
Downvoted,Downvoted,8
